日期,TTM,Static
2009-09-30,33.09,33.29
2009-10-09,34.75,35.04
2009-10-12,34.72,34.97
2009-10-13,35.01,35.42
2009-10-14,35.11,35.67
2009-10-15,35.16,35.81
2009-10-16,35.3,35.92
2009-10-19,36.12,37.08
2009-10-20,36.69,37.57
2009-10-21,36.62,37.54
2009-10-22,36.64,37.38
2009-10-23,37.28,38.07
2009-10-26,35.66,38.1
2009-10-27,34.1,37.01
2009-10-28,34.42,37.36
2009-10-29,34.2,36.48
2009-10-30,34.92,36.82
2009-11-02,34.85,38.03
2009-11-03,35.24,38.51
2009-11-04,35.38,38.72
2009-11-05,35.36,38.72
2009-11-06,35.59,38.99
2009-11-09,35.67,39.18
2009-11-10,35.89,39.4
2009-11-11,36.05,39.55
2009-11-12,36.26,39.79
2009-11-13,36.65,40.17
2009-11-16,37.65,41.35
2009-11-17,37.56,41.23
2009-11-18,37.57,41.2
2009-11-19,37.79,41.45
2009-11-20,37.85,41.47
2009-11-23,38.28,41.98
2009-11-24,36.92,40.56
2009-11-25,38.03,41.88
2009-11-26,36.6,40.33
2009-11-27,35.59,39.04
2009-11-30,37.27,40.87
2009-12-01,37.89,41.62
2009-12-02,38.19,41.98
2009-12-03,38.16,42.02
2009-12-04,38.19,42.06
2009-12-07,38.65,42.6
2009-12-08,38.34,42.28
2009-12-09,37.85,41.7
2009-12-10,38.08,41.99
2009-12-11,38.16,42.08
2009-12-14,38.3,42.25
2009-12-15,38.04,41.98
2009-12-16,37.65,41.49
2009-12-17,36.82,40.5
2009-12-18,35.52,39.11
2009-12-21,35.86,39.44
2009-12-22,34.93,38.33
2009-12-23,35.45,38.86
2009-12-24,36.72,40.35
2009-12-25,36.76,40.41
2009-12-28,37.28,41.02
2009-12-29,37.4,41.19
2009-12-30,37.71,41.58
2009-12-31,37.94,41.8
2010-01-04,37.55,41.42
2010-01-05,37.54,41.45
2010-01-06,37.5,41.5
2010-01-07,36.73,40.65
2010-01-08,36.9,40.78
2010-01-11,36.62,40.49
2010-01-12,37.2,41.23
2010-01-13,36.42,40.19
2010-01-14,37.06,40.83
2010-01-15,37.36,41.09
2010-01-18,37.76,41.49
2010-01-19,37.71,41.47
2010-01-20,36.18,40.03
2010-01-21,36.25,40.02
2010-01-22,35.3,38.94
2010-01-25,34.94,38.89
2010-01-26,34.01,37.81
2010-01-27,33.77,37.47
2010-01-28,34.13,37.83
2010-01-29,33.81,37.77
2010-02-01,33.02,37.2
2010-02-02,32.76,36.87
2010-02-03,33.61,37.9
2010-02-04,33.29,37.81
2010-02-05,32.62,37.07
2010-02-08,32.77,37.04
2010-02-09,32.57,36.2
2010-02-10,33.1,36.82
2010-02-11,33.14,36.95
2010-02-12,33.5,37.35
2010-02-22,33.26,37.15
2010-02-23,33.06,36.93
2010-02-24,33.72,37.66
2010-02-25,34.24,38.23
2010-02-26,33.84,38.05
2010-03-01,33.85,38.42
2010-03-02,33.35,37.23
2010-03-03,33.56,37.5
2010-03-04,32.62,36.09
2010-03-05,32.43,35.98
2010-03-08,32.67,36.15
2010-03-09,32.52,35.48
2010-03-10,32.11,34.76
2010-03-11,32.07,34.68
2010-03-12,29.83,32.2
2010-03-15,29.3,31.58
2010-03-16,29.09,31.24
2010-03-17,29.8,31.93
2010-03-18,29.53,32.01
2010-03-19,29.9,31.55
2010-03-22,29.95,31.38
2010-03-23,29.43,31.4
2010-03-24,29.48,31.3
2010-03-25,28.92,30.72
2010-03-26,29.32,30.86
2010-03-29,29.96,31.37
2010-03-30,30.15,31.44
2010-03-31,30.0,31.55
2010-04-01,30.47,32.06
2010-04-02,30.68,32.31
2010-04-06,30.7,31.84
2010-04-07,30.62,31.76
2010-04-08,30.28,31.37
2010-04-09,30.72,31.67
2010-04-12,30.38,31.57
2010-04-13,30.25,31.88
2010-04-14,30.42,32.04
2010-04-15,30.22,31.45
2010-04-16,29.75,30.67
2010-04-19,28.03,28.87
2010-04-20,28.49,29.51
2010-04-21,28.79,30.33
2010-04-22,28.24,29.72
2010-04-23,27.93,29.59
2010-04-26,27.05,29.69
2010-04-27,25.2,28.24
2010-04-28,24.91,27.98
2010-04-29,24.0,27.48
2010-04-30,23.23,27.12
2010-05-04,22.89,26.72
2010-05-05,23.09,26.95
2010-05-06,22.02,25.71
2010-05-07,21.44,25.03
2010-05-10,21.52,25.13
2010-05-11,21.1,24.63
2010-05-12,21.12,24.65
2010-05-13,21.7,25.33
2010-05-14,21.58,25.19
2010-05-17,20.28,23.67
2010-05-18,20.76,24.23
2010-05-19,20.73,24.2
2010-05-20,20.58,24.03
2010-05-21,21.1,24.63
2010-05-24,21.95,25.62
2010-05-25,21.55,25.16
2010-05-26,21.54,25.14
2010-05-27,21.92,25.58
2010-05-28,21.86,25.52
2010-05-31,21.25,24.81
2010-06-01,20.98,24.49
2010-06-02,21.2,24.75
2010-06-03,21.04,24.56
2010-06-04,21.19,24.73
2010-06-07,20.84,24.32
2010-06-08,20.95,24.46
2010-06-09,21.64,25.26
2010-06-10,21.43,25.02
2010-06-11,21.45,25.03
2010-06-17,21.25,24.81
2010-06-18,20.74,24.21
2010-06-21,21.4,24.98
2010-06-22,21.46,25.05
2010-06-23,21.3,24.86
2010-06-24,21.33,24.9
2010-06-25,20.99,24.5
2010-06-28,20.76,24.23
2010-06-29,19.71,23.01
2010-06-30,19.44,22.69
2010-07-01,19.11,22.31
2010-07-02,19.11,22.31
2010-07-05,18.99,22.16
2010-07-06,19.45,22.7
2010-07-07,19.69,22.98
2010-07-08,19.65,22.96
2010-07-09,20.36,23.79
2010-07-12,20.66,24.07
2010-07-13,20.36,23.71
2010-07-14,20.35,23.8
2010-07-15,20.06,23.47
2010-07-16,20.22,23.66
2010-07-19,20.83,24.37
2010-07-20,21.34,24.97
2010-07-21,21.32,24.95
2010-07-22,21.67,25.31
2010-07-23,21.77,25.43
2010-07-26,21.99,25.68
2010-07-27,21.85,25.6
2010-07-28,22.42,26.25
2010-07-29,22.51,26.35
2010-07-30,22.46,26.49
2010-08-02,22.85,27.03
2010-08-03,22.47,26.62
2010-08-04,22.59,26.76
2010-08-05,22.25,26.58
2010-08-06,22.61,27.08
2010-08-09,22.78,27.29
2010-08-10,22.1,26.48
2010-08-11,22.2,26.69
2010-08-12,21.89,26.34
2010-08-13,22.28,26.82
2010-08-16,22.84,27.5
2010-08-17,23.01,27.77
2010-08-18,22.33,27.77
2010-08-19,22.28,27.92
2010-08-20,21.78,27.29
2010-08-23,21.63,27.34
2010-08-24,21.77,27.64
2010-08-25,21.19,27.01
2010-08-26,21.2,27.13
2010-08-27,21.07,27.23
2010-08-30,21.49,27.92
2010-08-31,21.53,28.02
2010-09-01,21.4,27.83
2010-09-02,21.7,28.3
2010-09-03,21.73,28.34
2010-09-06,22.03,28.73
2010-09-07,22.16,28.89
2010-09-08,22.29,29.06
2010-09-09,21.85,28.49
2010-09-10,22.01,28.7
2010-09-13,22.4,29.19
2010-09-14,22.37,29.17
2010-09-15,21.95,28.61
2010-09-16,21.49,28.02
2010-09-17,21.59,28.14
2010-09-20,21.43,27.93
2010-09-21,21.49,28.01
2010-09-27,21.97,28.64
2010-09-28,21.76,28.36
2010-09-29,21.61,28.17
2010-09-30,22.05,28.75
2010-10-08,22.95,29.92
2010-10-11,23.46,30.58
2010-10-12,23.75,30.96
2010-10-13,24.15,31.47
2010-10-14,23.78,31.1
2010-10-15,24.26,31.73
2010-10-18,23.9,31.34
2010-10-19,24.53,32.15
2010-10-20,24.87,32.61
2010-10-21,24.92,32.75
2010-10-22,25.07,33.03
2010-10-25,25.93,34.19
2010-10-26,25.64,34.1
2010-10-27,24.87,33.45
2010-10-28,24.53,33.39
2010-10-29,24.51,33.43
2010-11-01,25.63,34.46
2010-11-02,25.46,34.24
2010-11-03,24.88,33.47
2010-11-04,25.39,34.16
2010-11-05,25.65,34.5
2010-11-08,25.86,34.79
2010-11-09,25.89,34.82
2010-11-10,25.88,34.81
2010-11-11,25.81,34.72
2010-11-12,23.96,32.24
2010-11-15,24.25,32.64
2010-11-16,23.12,31.13
2010-11-17,22.39,30.15
2010-11-18,22.86,30.76
2010-11-19,23.22,31.25
2010-11-22,23.31,31.37
2010-11-23,22.94,30.88
2010-11-24,23.67,31.85
2010-11-25,23.94,32.2
2010-11-26,23.79,31.99
2010-11-29,23.78,31.95
2010-11-30,23.34,31.36
2010-12-01,23.23,31.22
2010-12-02,23.41,31.46
2010-12-03,23.39,31.44
2010-12-06,23.27,31.27
2010-12-07,23.68,31.82
2010-12-08,23.59,31.7
2010-12-09,23.14,31.1
2010-12-10,23.39,31.44
2010-12-13,24.2,32.52
2010-12-14,24.33,32.68
2010-12-15,24.19,32.49
2010-12-16,24.14,32.42
2010-12-17,24.09,32.37
2010-12-20,23.71,31.86
2010-12-21,24.18,32.48
2010-12-22,24.0,32.25
2010-12-23,23.83,32.02
2010-12-24,23.59,31.69
2010-12-27,23.09,31.03
2010-12-28,22.61,30.39
2010-12-29,22.77,30.59
2010-12-30,22.88,30.74
2010-12-31,23.52,31.59
2011-01-04,23.92,32.13
2011-01-05,23.84,32.02
2011-01-06,23.73,31.87
2011-01-07,23.61,31.72
2011-01-10,23.11,31.04
2011-01-11,23.17,31.11
2011-01-12,23.24,31.21
2011-01-13,23.28,31.23
2011-01-14,22.96,30.8
2011-01-17,21.91,29.4
2011-01-18,21.96,29.47
2011-01-19,22.53,30.22
2011-01-20,21.68,29.09
2011-01-21,21.85,29.32
2011-01-24,21.51,28.87
2011-01-25,21.44,28.76
2011-01-26,21.77,29.17
2011-01-27,22.2,29.73
2011-01-28,22.4,30.1
2011-01-31,22.87,30.63
2011-02-01,22.83,30.6
2011-02-09,22.49,30.15
2011-02-10,23.14,31.01
2011-02-11,23.43,31.4
2011-02-14,24.21,32.45
2011-02-15,24.17,32.4
2011-02-16,24.6,32.98
2011-02-17,24.57,32.93
2011-02-18,24.24,32.5
2011-02-21,24.81,33.18
2011-02-22,24.03,32.19
2011-02-23,24.08,32.26
2011-02-24,24.23,32.46
2011-02-25,24.28,32.12
2011-02-28,24.79,32.91
2011-03-01,24.83,32.72
2011-03-02,24.64,32.54
2011-03-03,24.3,32.1
2011-03-04,24.66,32.09
2011-03-07,25.1,32.38
2011-03-08,24.75,31.6
2011-03-09,24.76,31.62
2011-03-10,24.36,30.79
2011-03-11,24.2,30.58
2011-03-14,24.59,30.9
2011-03-15,24.16,30.25
2011-03-16,24.47,30.37
2011-03-17,24.01,29.39
2011-03-18,24.18,29.1
2011-03-21,24.02,28.98
2011-03-22,24.08,28.64
2011-03-23,24.32,28.45
2011-03-24,24.12,27.96
2011-03-25,24.4,28.28
2011-03-28,24.67,28.15
2011-03-29,24.11,27.06
2011-03-30,24.24,26.41
2011-03-31,23.83,25.24
2011-04-01,24.12,25.62
2011-04-06,24.16,25.72
2011-04-07,24.4,25.95
2011-04-08,24.67,25.92
2011-04-11,24.47,25.68
2011-04-12,24.4,25.57
2011-04-13,24.71,25.87
2011-04-14,24.58,25.71
2011-04-15,24.51,25.59
2011-04-18,24.47,25.4
2011-04-19,24.08,25.05
2011-04-20,23.91,24.95
2011-04-21,24.03,25.08
2011-04-22,23.76,24.9
2011-04-25,23.3,24.45
2011-04-26,22.92,24.18
2011-04-27,22.59,23.66
2011-04-28,22.11,23.16
2011-04-29,22.4,23.32
2011-05-03,22.31,23.55
2011-05-04,21.71,22.91
2011-05-05,21.68,22.88
2011-05-06,21.66,22.85
2011-05-09,21.78,22.97
2011-05-10,21.96,23.16
2011-05-11,21.95,23.15
2011-05-12,21.67,22.86
2011-05-13,21.82,23.01
2011-05-16,21.63,22.79
2011-05-17,21.73,22.9
2011-05-18,21.88,23.05
2011-05-19,21.76,22.92
2011-05-20,21.73,22.89
2011-05-23,20.98,22.1
2011-05-24,20.97,22.1
2011-05-25,20.75,21.86
2011-05-26,20.56,21.66
2011-05-27,20.41,21.5
2011-05-30,20.32,21.4
2011-05-31,20.7,21.81
2011-06-01,20.79,21.9
2011-06-02,20.46,21.55
2011-06-03,20.74,21.84
2011-06-07,20.9,22.01
2011-06-08,20.96,22.08
2011-06-09,20.51,21.61
2011-06-10,20.62,21.71
2011-06-13,20.52,21.62
2011-06-14,20.87,21.98
2011-06-15,20.67,21.77
2011-06-16,20.31,21.39
2011-06-17,20.16,21.23
2011-06-20,19.97,21.03
2011-06-21,20.26,21.33
2011-06-22,20.27,21.34
2011-06-23,20.7,21.8
2011-06-24,21.14,22.25
2011-06-27,21.26,22.38
2011-06-28,21.3,22.42
2011-06-29,21.04,22.15
2011-06-30,21.37,22.5
2011-07-01,21.51,22.65
2011-07-04,22.03,23.2
2011-07-05,22.05,23.22
2011-07-06,21.95,23.14
2011-07-07,21.9,23.09
2011-07-08,21.91,23.11
2011-07-11,22.0,23.18
2011-07-12,21.6,22.8
2011-07-13,21.97,23.2
2011-07-14,22.02,23.25
2011-07-15,22.11,23.35
2011-07-18,22.05,23.29
2011-07-19,21.83,23.05
2011-07-20,21.88,23.1
2011-07-21,21.7,22.91
2011-07-22,21.78,22.99
2011-07-25,21.05,22.19
2011-07-26,21.12,22.27
2011-07-27,21.25,22.51
2011-07-28,21.18,22.43
2011-07-29,21.95,23.17
2011-08-01,21.92,23.21
2011-08-02,21.79,23.09
2011-08-03,21.8,23.1
2011-08-04,21.86,23.17
2011-08-05,21.65,22.94
2011-08-08,20.8,22.08
2011-08-09,20.64,22.06
2011-08-10,20.91,22.32
2011-08-11,21.25,22.67
2011-08-12,21.36,22.77
2011-08-15,21.63,23.08
2011-08-16,21.37,22.89
2011-08-17,21.14,22.75
2011-08-18,20.62,22.37
2011-08-19,20.45,22.14
2011-08-22,20.11,21.8
2011-08-23,20.17,22.1
2011-08-24,20.02,22.07
2011-08-25,20.59,22.73
2011-08-26,20.61,22.81
2011-08-29,20.35,22.47
2011-08-30,20.25,22.36
2011-08-31,20.08,22.4
2011-09-01,19.97,22.28
2011-09-02,19.74,22.02
2011-09-05,19.25,21.48
2011-09-06,18.96,21.16
2011-09-07,19.38,21.63
2011-09-08,19.2,21.44
2011-09-09,19.11,21.33
2011-09-13,18.87,21.07
2011-09-14,18.97,21.18
2011-09-15,19.01,21.22
2011-09-16,19.06,21.27
2011-09-19,18.67,20.84
2011-09-20,18.74,20.92
2011-09-21,19.31,21.55
2011-09-22,18.73,20.91
2011-09-23,18.55,20.7
2011-09-26,18.21,20.33
2011-09-27,18.38,20.52
2011-09-28,18.2,20.31
2011-09-29,17.99,20.08
2011-09-30,17.96,20.05
2011-10-10,17.78,19.85
2011-10-11,17.6,19.66
2011-10-12,18.22,20.34
2011-10-13,18.34,20.49
2011-10-14,18.27,20.39
2011-10-17,18.6,20.5
2011-10-18,18.12,19.92
2011-10-19,17.89,19.74
2011-10-20,17.32,19.15
2011-10-21,17.13,18.96
2011-10-24,17.62,19.43
2011-10-25,17.78,19.9
2011-10-26,17.91,20.11
2011-10-27,17.81,20.13
2011-10-28,18.26,20.59
2011-10-31,18.07,20.48
2011-11-01,18.04,20.45
2011-11-02,18.3,20.73
2011-11-03,18.39,20.84
2011-11-04,18.64,21.12
2011-11-07,18.47,20.93
2011-11-08,18.37,20.82
2011-11-09,18.57,21.05
2011-11-10,18.29,20.72
2011-11-11,18.22,20.64
2011-11-14,18.62,21.09
2011-11-15,18.55,21.02
2011-11-16,18.08,20.49
2011-11-17,18.05,20.45
2011-11-18,17.57,19.91
2011-11-21,17.6,19.94
2011-11-22,17.61,19.95
2011-11-23,17.53,19.84
2011-11-24,17.53,19.84
2011-11-25,17.41,19.7
2011-11-28,17.44,19.74
2011-11-29,17.67,20.0
2011-11-30,17.06,19.3
2011-12-01,17.42,19.71
2011-12-02,17.28,19.55
2011-12-05,16.87,19.09
2011-12-06,16.92,19.08
2011-12-07,16.94,19.11
2011-12-08,16.92,19.08
2011-12-09,16.75,18.89
2011-12-12,16.55,18.67
2011-12-13,16.19,18.26
2011-12-14,15.99,18.03
2011-12-15,15.6,17.59
2011-12-16,15.97,18.01
2011-12-19,15.93,17.96
2011-12-20,15.87,17.9
2011-12-21,15.56,17.55
2011-12-22,15.55,17.53
2011-12-23,15.67,17.67
2011-12-26,15.48,17.46
2011-12-27,15.17,17.12
2011-12-28,15.21,17.16
2011-12-29,15.26,17.21
2011-12-30,15.53,17.52
2012-01-04,15.11,17.04
2012-01-05,14.88,16.78
2012-01-06,14.98,16.9
2012-01-09,15.52,17.5
2012-01-10,16.14,18.2
2012-01-11,16.19,18.14
2012-01-12,16.08,18.06
2012-01-13,15.74,17.65
2012-01-16,15.35,17.22
2012-01-17,16.18,18.14
2012-01-18,15.88,17.8
2012-01-19,16.18,18.15
2012-01-20,16.47,18.48
2012-01-30,16.16,18.13
2012-01-31,16.27,18.45
2012-02-01,16.08,18.24
2012-02-02,16.41,18.61
2012-02-03,16.57,18.79
2012-02-06,16.61,18.84
2012-02-07,16.27,18.48
2012-02-08,16.76,19.04
2012-02-09,16.79,19.07
2012-02-10,16.81,19.15
2012-02-13,16.85,19.19
2012-02-14,16.8,19.14
2012-02-15,17.02,19.39
2012-02-16,16.93,19.28
2012-02-17,16.9,19.26
2012-02-20,16.87,19.22
2012-02-21,17.04,19.4
2012-02-22,17.37,19.78
2012-02-23,17.48,19.91
2012-02-24,17.83,20.32
2012-02-27,17.95,20.44
2012-02-28,17.93,20.32
2012-02-29,17.76,20.11
2012-03-01,17.76,20.03
2012-03-02,18.19,20.58
2012-03-05,18.1,20.48
2012-03-06,17.86,20.21
2012-03-07,17.76,20.1
2012-03-08,18.04,20.36
2012-03-09,18.21,20.07
2012-03-12,18.1,19.92
2012-03-13,18.06,19.8
2012-03-14,17.45,19.13
2012-03-15,17.38,18.95
2012-03-16,17.63,18.84
2012-03-19,17.64,18.82
2012-03-20,17.33,18.4
2012-03-21,17.35,18.38
2012-03-22,17.29,18.31
2012-03-23,17.05,17.92
2012-03-26,17.1,18.28
2012-03-27,17.0,18.09
2012-03-28,16.51,17.28
2012-03-29,16.42,17.01
2012-03-30,16.53,17.06
2012-04-05,17.09,17.54
2012-04-06,17.23,17.68
2012-04-09,17.18,17.47
2012-04-10,17.32,17.57
2012-04-11,17.36,17.55
2012-04-12,17.23,17.93
2012-04-13,17.28,18.0
2012-04-16,17.29,17.99
2012-04-17,17.53,17.94
2012-04-18,18.05,18.3
2012-04-19,17.98,18.23
2012-04-20,18.14,18.26
2012-04-23,17.81,17.91
2012-04-24,17.79,17.73
2012-04-25,18.2,17.81
2012-04-26,17.91,17.67
2012-04-27,17.81,17.83
2012-05-02,18.23,18.27
2012-05-03,18.33,18.37
2012-05-04,18.5,18.54
2012-05-07,18.58,18.63
2012-05-08,18.46,18.51
2012-05-09,18.09,18.13
2012-05-10,18.09,18.13
2012-05-11,17.97,18.01
2012-05-14,17.81,17.86
2012-05-15,17.86,17.91
2012-05-16,17.51,17.55
2012-05-17,17.77,17.82
2012-05-18,17.48,17.53
2012-05-21,17.64,17.68
2012-05-22,17.97,18.02
2012-05-23,17.96,18.01
2012-05-24,17.72,17.77
2012-05-25,17.55,17.59
2012-05-28,17.95,18.0
2012-05-29,18.17,18.22
2012-05-30,18.11,18.16
2012-05-31,18.1,18.15
2012-06-01,18.09,18.14
2012-06-04,17.59,17.64
2012-06-05,17.53,17.58
2012-06-06,17.48,17.52
2012-06-07,17.39,17.44
2012-06-08,17.3,17.35
2012-06-11,17.57,17.62
2012-06-12,17.46,17.52
2012-06-13,17.74,17.8
2012-06-14,17.62,17.67
2012-06-15,17.58,17.63
2012-06-18,17.74,17.79
2012-06-19,17.53,17.57
2012-06-20,17.48,17.53
2012-06-21,17.22,17.26
2012-06-25,16.73,16.77
2012-06-26,16.74,16.78
2012-06-27,16.69,16.73
2012-06-28,16.58,16.62
2012-06-29,16.83,16.87
2012-07-02,16.96,16.99
2012-07-03,17.02,17.04
2012-07-04,16.95,16.98
2012-07-05,16.65,16.68
2012-07-06,17.14,17.17
2012-07-09,16.75,16.79
2012-07-10,16.75,16.77
2012-07-11,16.95,16.99
2012-07-12,17.24,17.28
2012-07-13,17.26,17.29
2012-07-16,16.79,16.82
2012-07-17,16.8,16.89
2012-07-18,16.77,16.84
2012-07-19,16.78,16.84
2012-07-20,16.5,16.56
2012-07-23,16.27,16.33
2012-07-24,16.41,16.5
2012-07-25,16.25,16.32
2012-07-26,16.14,16.2
2012-07-27,16.13,16.18
2012-07-30,16.05,16.08
2012-07-31,16.56,16.55
2012-08-01,16.79,16.77
2012-08-02,16.5,16.49
2012-08-03,16.69,16.67
2012-08-06,16.99,16.95
2012-08-07,17.01,17.0
2012-08-08,16.98,16.96
2012-08-09,17.2,17.19
2012-08-10,17.02,17.01
2012-08-13,16.69,16.67
2012-08-14,16.77,16.75
2012-08-15,16.75,16.67
2012-08-16,16.51,16.55
2012-08-17,16.38,16.39
2012-08-20,16.29,16.33
2012-08-21,16.44,16.4
2012-08-22,16.25,16.19
2012-08-23,16.32,16.18
2012-08-24,16.02,15.88
2012-08-27,15.83,15.51
2012-08-28,15.82,15.48
2012-08-29,15.59,15.26
2012-08-30,15.44,15.13
2012-08-31,15.46,15.13
2012-09-03,15.76,15.41
2012-09-04,15.53,15.19
2012-09-05,15.51,15.17
2012-09-06,15.6,15.26
2012-09-07,16.37,16.01
2012-09-10,16.48,16.12
2012-09-11,16.43,16.06
2012-09-12,16.52,16.15
2012-09-13,16.31,15.95
2012-09-14,16.41,16.05
2012-09-17,15.93,15.58
2012-09-18,15.75,15.4
2012-09-19,15.82,15.47
2012-09-20,15.39,15.05
2012-09-21,15.39,15.05
2012-09-24,15.57,15.22
2012-09-25,15.53,15.18
2012-09-26,15.33,14.98
2012-09-27,15.85,15.49
2012-09-28,16.19,15.83
2012-10-08,15.94,15.58
2012-10-09,16.32,15.95
2012-10-10,16.41,16.05
2012-10-11,16.23,15.86
2012-10-12,16.21,15.85
2012-10-15,16.11,15.77
2012-10-16,16.14,15.82
2012-10-17,16.14,15.83
2012-10-18,16.18,16.1
2012-10-19,16.15,16.1
2012-10-22,16.07,16.17
2012-10-23,15.8,15.91
2012-10-24,15.69,15.82
2012-10-25,15.58,15.71
2012-10-26,15.22,15.36
2012-10-29,15.21,15.3
2012-10-30,15.37,15.32
2012-10-31,15.45,15.41
2012-11-01,15.79,15.75
2012-11-02,15.82,15.78
2012-11-05,15.76,15.71
2012-11-06,15.64,15.59
2012-11-07,15.59,15.55
2012-11-08,15.26,15.22
2012-11-09,15.19,15.14
2012-11-12,15.24,15.19
2012-11-13,14.94,14.9
2012-11-14,15.01,14.97
2012-11-15,14.82,14.77
2012-11-16,14.7,14.64
2012-11-19,14.61,14.56
2012-11-20,14.61,14.56
2012-11-21,14.81,14.75
2012-11-22,14.61,14.56
2012-11-23,14.71,14.66
2012-11-26,14.51,14.46
2012-11-27,14.33,14.27
2012-11-28,14.14,14.08
2012-11-29,14.03,13.97
2012-11-30,14.2,14.14
2012-12-03,13.85,13.79
2012-12-04,14.03,13.97
2012-12-05,14.55,14.5
2012-12-06,14.49,14.43
2012-12-07,14.75,14.7
2012-12-10,14.92,14.88
2012-12-11,14.85,14.8
2012-12-12,14.88,14.83
2012-12-13,14.72,14.67
2012-12-14,15.39,15.33
2012-12-17,15.48,15.43
2012-12-18,15.47,15.43
2012-12-19,15.58,15.53
2012-12-20,15.66,15.61
2012-12-21,15.59,15.54
2012-12-24,15.56,15.52
2012-12-25,15.98,15.95
2012-12-26,16.14,16.1
2012-12-27,16.15,16.1
2012-12-28,16.33,16.29
2012-12-31,16.6,16.55
2013-01-04,16.56,16.51
2013-01-07,16.57,16.52
2013-01-08,16.63,16.58
2013-01-09,16.72,16.68
2013-01-10,16.77,16.73
2013-01-11,16.44,16.38
2013-01-14,17.02,16.97
2013-01-15,17.15,17.12
2013-01-16,17.06,17.03
2013-01-17,16.95,16.91
2013-01-18,17.14,17.17
2013-01-21,17.26,17.3
2013-01-22,17.14,17.17
2013-01-23,17.18,17.21
2013-01-24,16.94,16.97
2013-01-25,16.79,16.82
2013-01-28,17.24,17.28
2013-01-29,17.39,17.41
2013-01-30,17.5,17.53
2013-01-31,17.83,18.29
2013-02-01,18.08,18.54
2013-02-04,17.96,18.42
2013-02-05,18.29,18.75
2013-02-06,18.25,18.7
2013-02-07,18.32,18.77
2013-02-08,18.51,18.98
2013-02-18,18.26,18.73
2013-02-19,17.85,18.33
2013-02-20,18.07,18.55
2013-02-21,17.63,18.09
2013-02-22,17.58,18.03
2013-02-25,17.6,18.05
2013-02-26,17.32,17.79
2013-02-27,17.46,17.97
2013-02-28,17.88,18.26
2013-03-01,17.94,18.32
2013-03-04,17.11,17.54
2013-03-05,17.5,17.94
2013-03-06,17.67,18.13
2013-03-07,17.54,18.02
2013-03-08,17.27,17.47
2013-03-11,17.27,17.48
2013-03-12,17.01,17.22
2013-03-13,16.84,17.04
2013-03-14,16.86,17.08
2013-03-15,16.86,17.07
2013-03-18,16.66,16.87
2013-03-19,16.75,16.9
2013-03-20,17.26,17.34
2013-03-21,17.34,17.43
2013-03-22,17.42,17.96
2013-03-25,17.38,18.0
2013-03-26,17.29,17.97
2013-03-27,17.27,17.97
2013-03-28,16.96,17.65
2013-03-29,17.07,17.68
2013-04-01,17.37,18.04
2013-04-02,17.25,17.65
2013-04-03,17.23,17.59
2013-04-08,17.33,17.66
2013-04-09,17.39,17.67
2013-04-10,17.35,17.63
2013-04-11,17.27,17.56
2013-04-12,17.25,17.52
2013-04-15,16.94,17.13
2013-04-16,17.1,17.53
2013-04-17,17.19,17.63
2013-04-18,17.17,17.61
2013-04-19,17.56,18.12
2013-04-22,17.52,18.0
2013-04-23,16.9,17.37
2013-04-24,16.98,17.41
2013-04-25,16.68,17.08
2013-04-26,16.3,16.89
2013-05-02,16.58,17.04
2013-05-03,16.85,17.34
2013-05-06,17.13,17.63
2013-05-07,17.15,17.66
2013-05-08,17.25,17.76
2013-05-09,17.2,17.71
2013-05-10,17.23,17.74
2013-05-13,17.17,17.68
2013-05-14,16.83,17.33
2013-05-15,17.01,17.51
2013-05-16,17.36,17.86
2013-05-17,17.68,18.22
2013-05-20,17.81,18.36
2013-05-21,18.04,18.59
2013-05-22,18.04,18.59
2013-05-23,17.86,18.41
2013-05-24,18.0,18.54
2013-05-27,17.99,18.53
2013-05-28,18.26,18.81
2013-05-29,18.27,18.82
2013-05-30,18.25,18.8
2013-05-31,18.03,18.57
2013-06-03,17.97,18.51
2013-06-04,17.66,18.2
2013-06-05,17.74,18.27
2013-06-06,17.52,18.05
2013-06-07,17.1,17.62
2013-06-13,16.5,16.99
2013-06-14,16.74,17.23
2013-06-17,16.64,17.13
2013-06-18,16.7,17.19
2013-06-19,16.64,17.12
2013-06-20,16.07,16.54
2013-06-21,16.04,16.5
2013-06-24,14.97,15.4
2013-06-25,14.83,15.24
2013-06-26,15.06,15.47
2013-06-27,14.88,15.29
2013-06-28,15.07,15.48
2013-07-01,15.21,15.62
2013-07-02,15.36,15.78
2013-07-03,15.26,15.67
2013-07-04,15.42,15.84
2013-07-05,15.48,15.9
2013-07-08,14.98,15.39
2013-07-09,14.96,15.35
2013-07-10,15.47,15.87
2013-07-11,16.09,16.51
2013-07-12,15.81,16.21
2013-07-15,16.1,16.53
2013-07-16,16.21,16.63
2013-07-17,15.93,16.35
2013-07-18,15.65,16.07
2013-07-19,15.21,15.61
2013-07-22,15.33,15.73
2013-07-23,15.85,16.27
2013-07-24,15.85,16.27
2013-07-25,15.68,16.1
2013-07-26,15.6,15.99
2013-07-29,15.25,15.62
2013-07-30,15.31,15.69
2013-07-31,15.76,16.11
2013-08-01,16.19,16.55
2013-08-02,16.26,16.58
2013-08-05,16.49,16.82
2013-08-06,16.48,16.97
2013-08-07,16.2,16.84
2013-08-08,16.23,16.87
2013-08-09,16.27,16.9
2013-08-12,16.65,17.3
2013-08-13,16.68,17.33
2013-08-14,16.61,17.25
2013-08-15,16.36,17.02
2013-08-16,16.07,16.82
2013-08-19,16.24,16.98
2013-08-20,16.05,16.85
2013-08-21,16.01,16.89
2013-08-22,15.91,16.88
2013-08-23,15.76,16.78
2013-08-26,16.03,17.15
2013-08-27,16.07,17.19
2013-08-28,15.89,17.02
2013-08-29,15.92,16.94
2013-08-30,15.85,16.87
2013-09-02,16.0,17.01
2013-09-03,16.21,17.24
2013-09-04,16.16,17.19
2013-09-05,16.07,17.08
2013-09-06,16.09,17.11
2013-09-09,16.44,17.49
2013-09-10,16.62,17.68
2013-09-11,16.61,17.69
2013-09-12,16.63,17.7
2013-09-13,16.67,17.73
2013-09-16,16.61,17.67
2013-09-17,16.22,17.35
2013-09-18,16.25,17.38
2013-09-23,16.64,17.8
2013-09-24,16.58,17.73
2013-09-25,16.42,17.56
2013-09-26,16.17,17.29
2013-09-27,16.22,17.36
2013-09-30,16.4,17.61
2013-10-08,16.69,17.93
2013-10-09,16.74,17.97
2013-10-10,16.73,17.97
2013-10-11,16.89,18.15
2013-10-14,16.92,18.23
2013-10-15,16.74,18.14
2013-10-16,16.36,17.76
2013-10-17,16.35,17.74
2013-10-18,16.46,17.85
2013-10-21,16.78,18.2
2013-10-22,16.41,17.95
2013-10-23,16.2,17.72
2013-10-24,16.18,17.63
2013-10-25,15.79,17.32
2013-10-28,15.7,17.27
2013-10-29,15.66,17.25
2013-10-30,15.99,17.5
2013-10-31,15.74,17.3
2013-11-01,15.75,17.33
2013-11-04,15.74,17.32
2013-11-05,15.82,17.41
2013-11-06,15.59,17.16
2013-11-07,15.47,17.02
2013-11-08,15.28,16.81
2013-11-11,15.37,16.89
2013-11-12,15.53,17.06
2013-11-13,15.25,16.75
2013-11-14,15.36,16.88
2013-11-15,15.62,17.15
2013-11-18,15.98,17.56
2013-11-19,15.9,17.47
2013-11-20,15.97,17.54
2013-11-21,15.85,17.41
2013-11-22,15.76,17.32
2013-11-25,15.72,17.28
2013-11-26,15.75,17.31
2013-11-27,15.94,17.51
2013-11-28,16.15,17.75
2013-11-29,16.15,17.75
2013-12-02,15.8,17.36
2013-12-03,16.04,17.63
2013-12-04,16.24,17.85
2013-12-05,16.18,17.79
2013-12-06,16.14,17.75
2013-12-09,16.18,17.78
2013-12-10,16.21,17.81
2013-12-11,15.98,17.56
2013-12-12,15.98,17.56
2013-12-13,16.0,17.57
2013-12-16,15.76,17.3
2013-12-17,15.65,17.19
2013-12-18,15.71,17.24
2013-12-19,15.56,17.09
2013-12-20,15.28,16.78
2013-12-23,15.3,16.8
2013-12-24,15.38,16.89
2013-12-25,15.54,17.06
2013-12-26,15.28,16.77
2013-12-27,15.56,17.07
2013-12-30,15.49,17.0
2013-12-31,15.7,17.23
2014-01-02,15.75,17.28
2014-01-03,15.61,17.12
2014-01-06,15.19,16.66
2014-01-07,15.18,16.65
2014-01-08,15.16,16.62
2014-01-09,15.12,16.57
2014-01-10,14.9,16.35
2014-01-13,14.81,16.26
2014-01-14,15.03,16.5
2014-01-15,15.04,16.51
2014-01-16,15.05,16.52
2014-01-17,14.82,16.27
2014-01-20,14.64,16.2
2014-01-21,14.78,16.35
2014-01-22,15.2,16.81
2014-01-23,15.15,16.75
2014-01-24,15.24,16.92
2014-01-27,15.06,16.67
2014-01-28,15.09,16.63
2014-01-29,15.08,16.62
2014-01-30,16.19,18.01
2014-02-07,16.31,18.14
2014-02-10,16.8,18.69
2014-02-11,16.85,18.75
2014-02-12,16.96,18.87
2014-02-13,16.84,18.73
2014-02-14,16.97,18.88
2014-02-17,17.12,19.09
2014-02-18,16.88,18.82
2014-02-19,17.05,19.01
2014-02-20,16.85,18.78
2014-02-21,16.76,18.6
2014-02-24,16.45,18.26
2014-02-25,15.81,17.37
2014-02-26,15.91,17.48
2014-02-27,15.59,17.18
2014-02-28,16.08,17.66
2014-03-03,16.21,17.8
2014-03-04,16.08,17.66
2014-03-05,16.0,17.57
2014-03-06,16.03,17.61
2014-03-07,15.79,17.05
2014-03-10,15.45,16.53
2014-03-11,15.57,16.69
2014-03-12,15.59,16.66
2014-03-13,15.8,16.83
2014-03-14,15.63,16.61
2014-03-17,15.86,16.81
2014-03-18,15.82,16.53
2014-03-19,15.63,16.35
2014-03-20,15.16,15.82
2014-03-21,15.59,16.27
2014-03-24,15.64,16.31
2014-03-25,15.5,16.13
2014-03-26,15.45,16.11
2014-03-27,15.4,16.12
2014-03-28,15.25,15.84
2014-03-31,15.22,16.16
2014-04-01,15.41,16.45
2014-04-02,15.5,16.41
2014-04-03,15.45,16.33
2014-04-04,15.61,16.47
2014-04-08,16.18,17.18
2014-04-09,16.22,17.21
2014-04-10,16.28,17.28
2014-04-11,16.26,17.27
2014-04-14,16.29,17.42
2014-04-15,16.23,17.11
2014-04-16,16.24,17.12
2014-04-17,16.23,16.89
2014-04-18,16.16,17.09
2014-04-21,15.91,16.78
2014-04-22,15.74,16.29
2014-04-23,15.84,16.54
2014-04-24,15.66,16.32
2014-04-25,15.39,15.81
2014-04-28,15.3,15.58
2014-04-29,15.25,15.74
2014-04-30,14.9,15.76
2014-05-05,14.93,15.79
2014-05-06,14.99,15.84
2014-05-07,14.79,15.61
2014-05-08,14.69,15.52
2014-05-09,14.67,15.5
2014-05-12,15.01,15.86
2014-05-13,15.0,15.85
2014-05-14,15.02,15.86
2014-05-15,14.74,15.57
2014-05-16,14.76,15.6
2014-05-19,14.6,15.44
2014-05-20,14.6,15.44
2014-05-21,14.73,15.58
2014-05-22,14.69,15.54
2014-05-23,14.82,15.68
2014-05-26,14.94,15.8
2014-05-27,14.89,15.75
2014-05-28,15.08,15.96
2014-05-29,14.93,15.79
2014-05-30,14.95,15.83
2014-06-03,14.93,15.81
2014-06-04,14.75,15.61
2014-06-05,14.92,15.8
2014-06-06,14.82,15.7
2014-06-09,14.76,15.65
2014-06-10,14.99,15.9
2014-06-11,15.01,15.91
2014-06-12,14.94,15.84
2014-06-13,15.15,16.05
2014-06-16,15.23,16.13
2014-06-17,15.07,15.96
2014-06-18,14.99,15.87
2014-06-19,14.7,15.55
2014-06-20,14.77,15.61
2014-06-23,14.79,15.65
2014-06-24,14.92,15.78
2014-06-25,14.85,15.71
2014-06-26,15.01,15.88
2014-06-27,15.07,15.93
2014-06-30,15.14,16.0
2014-07-01,15.1,15.97
2014-07-02,15.13,16.01
2014-07-03,15.23,16.11
2014-07-04,15.2,16.07
2014-07-07,15.15,16.02
2014-07-08,15.23,16.11
2014-07-09,14.89,15.78
2014-07-10,14.82,15.71
2014-07-11,14.89,15.79
2014-07-14,15.12,16.03
2014-07-15,15.17,16.08
2014-07-16,15.07,15.98
2014-07-17,14.95,15.85
2014-07-18,15.06,15.96
2014-07-21,15.06,15.99
2014-07-22,15.29,16.23
2014-07-23,15.27,16.2
2014-07-24,15.48,16.43
2014-07-25,15.65,16.61
2014-07-28,16.06,17.03
2014-07-29,16.22,17.18
2014-07-30,16.21,17.17
2014-07-31,17.24,18.24
2014-08-01,17.08,18.07
2014-08-04,17.37,18.37
2014-08-05,17.37,18.41
2014-08-06,17.4,18.44
2014-08-07,17.13,18.16
2014-08-08,17.19,18.21
2014-08-11,17.46,18.49
2014-08-12,17.38,18.42
2014-08-13,17.35,18.4
2014-08-14,17.06,18.21
2014-08-15,17.22,18.42
2014-08-18,17.32,18.59
2014-08-19,17.16,18.61
2014-08-20,17.13,18.58
2014-08-21,17.06,18.57
2014-08-22,17.18,18.67
2014-08-25,16.94,18.46
2014-08-26,16.5,18.2
2014-08-27,16.56,18.26
2014-08-28,16.46,18.06
2014-08-29,16.63,18.28
2014-09-01,16.77,18.5
2014-09-02,16.97,18.72
2014-09-03,17.14,18.91
2014-09-04,17.26,19.04
2014-09-05,17.34,19.13
2014-09-09,17.38,19.15
2014-09-10,17.33,19.09
2014-09-11,17.24,18.99
2014-09-12,17.31,19.09
2014-09-15,17.28,19.07
2014-09-16,16.82,18.56
2014-09-17,16.91,18.68
2014-09-18,16.97,18.74
2014-09-19,17.06,18.84
2014-09-22,16.74,18.48
2014-09-23,16.9,18.65
2014-09-24,17.18,18.95
2014-09-25,17.1,18.88
2014-09-26,17.12,18.91
2014-09-29,17.19,18.98
2014-09-30,17.22,19.01
2014-10-08,17.47,19.28
2014-10-09,17.54,19.35
2014-10-10,17.48,19.29
2014-10-13,17.41,19.21
2014-10-14,17.35,19.16
2014-10-15,17.38,19.3
2014-10-16,17.16,19.08
2014-10-17,17.22,19.13
2014-10-20,17.34,19.27
2014-10-21,17.2,19.05
2014-10-22,17.14,18.92
2014-10-23,16.94,18.7
2014-10-24,16.56,18.59
2014-10-27,16.41,18.46
2014-10-28,16.75,18.84
2014-10-29,17.05,19.08
2014-10-30,16.95,19.09
2014-10-31,17.12,19.32
2014-11-03,17.17,19.38
2014-11-04,17.11,19.32
2014-11-05,17.08,19.31
2014-11-06,17.14,19.37
2014-11-07,17.04,19.3
2014-11-10,17.36,19.66
2014-11-11,17.07,19.32
2014-11-12,17.3,19.57
2014-11-13,17.11,19.35
2014-11-14,17.14,19.39
2014-11-17,17.12,19.37
2014-11-18,17.03,19.26
2014-11-19,17.04,19.29
2014-11-20,16.98,19.22
2014-11-21,17.24,19.51
2014-11-24,17.65,19.97
2014-11-25,17.95,20.3
2014-11-26,18.07,20.43
2014-11-27,18.26,20.66
2014-11-28,18.42,20.85
2014-12-01,18.54,20.97
2014-12-02,19.03,21.52
2014-12-03,19.52,22.08
2014-12-04,20.24,22.89
2014-12-05,20.24,22.86
2014-12-08,20.95,23.71
2014-12-09,20.06,22.72
2014-12-10,20.86,23.62
2014-12-11,20.81,23.57
2014-12-12,20.89,23.66
2014-12-15,20.99,23.78
2014-12-16,21.3,24.12
2014-12-17,21.36,24.2
2014-12-18,21.13,23.94
2014-12-19,21.08,23.87
2014-12-22,20.9,23.66
2014-12-23,20.65,23.38
2014-12-24,20.3,23.01
2014-12-25,20.71,23.47
2014-12-26,21.25,24.07
2014-12-29,21.17,23.99
2014-12-30,21.01,23.79
2014-12-31,21.46,24.29
2015-01-05,22.28,25.22
2015-01-06,22.56,25.53
2015-01-07,22.47,25.43
2015-01-08,22.21,25.14
2015-01-09,21.97,24.88
2015-01-12,21.71,24.81
2015-01-13,21.79,24.94
2015-01-14,21.58,24.7
2015-01-15,21.98,25.15
2015-01-16,22.17,25.37
2015-01-19,20.83,23.84
2015-01-20,21.15,24.4
2015-01-21,21.86,25.21
2015-01-22,22.07,25.46
2015-01-23,21.93,25.32
2015-01-26,22.19,25.66
2015-01-27,22.04,25.58
2015-01-28,21.73,25.23
2015-01-29,21.51,25.0
2015-01-30,22.26,25.94
2015-02-02,21.93,25.55
2015-02-03,22.38,26.1
2015-02-04,22.22,25.93
2015-02-05,22.07,25.77
2015-02-06,21.6,25.2
2015-02-09,21.66,25.26
2015-02-10,22.17,25.86
2015-02-11,22.42,26.17
2015-02-12,22.5,26.27
2015-02-13,22.79,26.63
2015-02-16,23.16,26.75
2015-02-17,23.35,26.97
2015-02-25,23.05,26.61
2015-02-26,23.55,27.2
2015-02-27,23.59,27.31
2015-03-02,24.24,27.69
2015-03-03,23.63,26.81
2015-03-04,23.94,27.17
2015-03-05,23.86,27.08
2015-03-06,23.47,26.64
2015-03-09,23.74,26.95
2015-03-10,23.72,27.12
2015-03-11,23.6,26.98
2015-03-12,23.76,26.91
2015-03-13,23.87,26.39
2015-03-16,24.48,26.99
2015-03-17,24.79,27.22
2015-03-18,25.39,27.76
2015-03-19,25.23,27.65
2015-03-20,25.47,27.78
2015-03-23,25.92,28.27
2015-03-24,26.06,28.42
2015-03-25,26.01,28.21
2015-03-26,25.86,27.73
2015-03-27,26.1,27.75
2015-03-30,26.81,28.81
2015-03-31,26.77,27.8
2015-04-01,27.36,28.5
2015-04-02,27.57,28.68
2015-04-03,27.72,28.84
2015-04-07,28.19,29.44
2015-04-08,28.33,29.57
2015-04-09,28.05,29.28
2015-04-10,28.7,30.08
2015-04-13,28.97,30.42
2015-04-14,28.94,30.35
2015-04-15,28.09,29.36
2015-04-16,28.67,29.96
2015-04-17,28.92,30.6
2015-04-20,28.26,30.13
2015-04-21,29.35,31.16
2015-04-22,30.09,31.95
2015-04-23,30.2,31.53
2015-04-24,29.89,31.33
2015-04-27,30.35,31.77
2015-04-28,29.31,30.24
2015-04-29,29.52,30.75
2015-04-30,28.5,30.35
2015-05-04,28.68,30.5
2015-05-05,27.62,29.36
2015-05-06,27.45,29.15
2015-05-07,27.26,28.94
2015-05-08,27.99,29.71
2015-05-11,28.98,30.76
2015-05-12,29.34,31.13
2015-05-13,29.41,31.21
2015-05-14,29.23,31.01
2015-05-15,28.71,30.47
2015-05-18,28.81,30.57
2015-05-19,29.7,31.52
2015-05-20,29.92,31.75
2015-05-21,30.92,32.81
2015-05-22,31.47,33.39
2015-05-25,32.16,34.12
2015-05-26,32.97,34.99
2015-05-27,32.93,34.96
2015-05-28,30.84,32.76
2015-05-29,31.02,32.95
2015-06-01,32.5,34.52
2015-06-02,33.14,35.24
2015-06-03,33.05,35.18
2015-06-04,32.94,35.08
2015-06-05,33.24,35.4
2015-06-08,33.4,35.56
2015-06-09,33.2,35.35
2015-06-10,33.47,35.62
2015-06-11,33.61,35.77
2015-06-12,33.85,36.04
2015-06-15,33.36,35.5
2015-06-16,32.34,34.4
2015-06-17,32.72,34.81
2015-06-18,31.49,33.5
2015-06-19,29.73,31.61
2015-06-23,30.8,32.74
2015-06-24,31.44,33.43
2015-06-25,30.41,32.33
2015-06-26,27.95,29.71
2015-06-29,26.91,28.59
2015-06-30,28.69,30.47
2015-07-01,27.46,29.15
2015-07-02,26.32,27.91
2015-07-03,24.91,26.39
2015-07-06,25.02,26.49
2015-07-07,23.62,25.01
2015-07-08,22.41,23.72
2015-07-09,23.32,25.12
2015-07-10,24.69,26.6
2015-07-13,25.83,27.84
2015-07-14,25.49,27.49
2015-07-15,24.14,26.03
2015-07-16,23.96,26.48
2015-07-17,25.16,27.81
2015-07-20,25.19,27.92
2015-07-21,25.27,28.01
2015-07-22,25.3,28.07
2015-07-23,25.82,28.65
2015-07-24,25.31,28.1
2015-07-27,23.29,25.86
2015-07-28,23.45,26.01
2015-07-29,24.25,26.92
2015-07-30,23.4,25.98
2015-07-31,23.58,27.28
2015-08-03,23.62,27.34
2015-08-04,24.37,28.22
2015-08-05,23.86,27.64
2015-08-06,23.64,27.38
2015-08-07,24.05,27.87
2015-08-10,25.02,28.99
2015-08-11,24.94,28.93
2015-08-12,24.57,28.51
2015-08-13,24.98,28.99
2015-08-14,24.91,29.06
2015-08-17,24.91,29.19
2015-08-18,23.53,27.5
2015-08-19,23.96,28.01
2015-08-20,23.26,27.16
2015-08-21,22.02,25.7
2015-08-24,20.12,23.63
2015-08-25,18.58,22.0
2015-08-26,18.19,21.65
2015-08-27,18.97,22.59
2015-08-28,20.0,23.61
2015-08-31,19.36,23.39
2015-09-01,19.22,23.2
2015-09-02,19.15,23.09
2015-09-07,18.69,22.56
2015-09-08,19.16,23.14
2015-09-09,19.64,23.75
2015-09-10,19.15,23.16
2015-09-11,19.15,23.17
2015-09-14,17.96,21.71
2015-09-15,17.13,20.71
2015-09-16,18.26,22.08
2015-09-17,17.9,21.67
2015-09-18,18.07,21.87
2015-09-21,18.55,22.47
2015-09-22,18.77,22.71
2015-09-23,18.49,22.39
2015-09-24,18.57,22.51
2015-09-25,18.06,21.89
2015-09-28,18.35,22.24
2015-09-29,18.05,21.88
2015-09-30,18.21,22.03
2015-10-08,18.88,22.85
2015-10-09,19.11,23.13
2015-10-12,19.81,23.98
2015-10-13,19.82,23.99
2015-10-14,19.51,23.61
2015-10-15,20.04,24.31
2015-10-16,20.23,24.63
2015-10-19,20.36,24.78
2015-10-20,20.64,25.17
2015-10-21,19.54,23.81
2015-10-22,20.1,24.47
2015-10-23,20.5,25.07
2015-10-26,20.75,25.35
2015-10-27,20.83,25.33
2015-10-28,20.33,24.84
2015-10-29,20.32,24.98
2015-10-30,20.24,25.02
2015-11-02,19.64,24.52
2015-11-03,19.62,24.49
2015-11-04,20.74,25.87
2015-11-05,21.07,26.28
2015-11-06,21.76,27.14
2015-11-09,22.03,27.47
2015-11-10,22.06,27.53
2015-11-11,22.27,27.78
2015-11-12,22.08,27.5
2015-11-13,21.76,27.09
2015-11-16,21.99,27.38
2015-11-17,21.9,27.26
2015-11-18,21.46,26.73
2015-11-19,21.98,27.38
2015-11-20,21.91,27.31
2015-11-23,21.74,27.09
2015-11-24,21.9,27.27
2015-11-25,22.06,27.48
2015-11-26,21.86,27.23
2015-11-27,20.48,25.49
2015-11-30,20.78,26.15
2015-12-01,20.95,26.37
2015-12-02,21.59,27.19
2015-12-03,21.89,27.57
2015-12-04,21.63,27.23
2015-12-07,21.76,27.39
2015-12-08,21.3,26.8
2015-12-09,21.47,27.01
2015-12-10,21.49,27.02
2015-12-11,21.45,26.99
2015-12-14,22.07,27.77
2015-12-15,22.11,27.82
2015-12-16,22.04,27.74
2015-12-17,22.64,28.49
2015-12-18,22.67,28.53
2015-12-21,23.21,29.21
2015-12-22,23.38,29.41
2015-12-23,23.27,29.27
2015-12-24,23.0,28.94
2015-12-25,23.04,29.0
2015-12-28,22.52,28.35
2015-12-29,22.78,28.67
2015-12-30,22.84,28.75
2015-12-31,22.83,28.79
2016-01-04,21.72,27.66
2016-01-05,21.72,27.66
2016-01-06,22.16,28.25
2016-01-07,20.4,25.99
2016-01-08,20.84,26.56
2016-01-11,19.72,25.12
2016-01-12,19.63,25.41
2016-01-13,19.2,24.87
2016-01-14,19.88,25.74
2016-01-15,19.21,24.85
2016-01-18,19.35,25.04
2016-01-19,19.92,25.77
2016-01-20,19.58,25.37
2016-01-21,18.9,24.49
2016-01-22,19.1,24.75
2016-01-25,19.12,24.89
2016-01-26,17.9,23.3
2016-01-27,17.87,23.26
2016-01-28,17.39,22.62
2016-01-29,18.0,23.41
2016-02-01,17.87,23.22
2016-02-02,18.33,23.81
2016-02-03,18.31,23.78
2016-02-04,18.52,24.06
2016-02-05,18.26,23.73
2016-02-15,18.09,23.4
2016-02-16,18.73,24.21
2016-02-17,18.95,24.51
2016-02-18,18.8,24.35
2016-02-19,18.85,24.4
2016-02-22,19.25,24.93
2016-02-23,19.1,24.74
2016-02-24,19.22,24.89
2016-02-25,17.94,23.23
2016-02-26,18.08,23.43
2016-02-29,17.42,22.53
2016-03-01,17.88,23.11
2016-03-02,18.68,24.16
2016-03-03,18.6,24.06
2016-03-04,18.54,23.99
2016-03-07,18.74,24.25
2016-03-08,18.65,24.14
2016-03-09,18.26,23.63
2016-03-10,18.08,23.11
2016-03-11,18.04,23.07
2016-03-14,18.52,23.69
2016-03-15,18.4,23.53
2016-03-16,18.21,23.29
2016-03-17,18.7,23.91
2016-03-18,19.23,24.6
2016-03-21,19.71,24.09
2016-03-22,19.6,23.92
2016-03-23,19.78,24.11
2016-03-24,19.46,23.71
2016-03-25,19.53,23.8
2016-03-28,19.36,23.16
2016-03-29,19.06,22.27
2016-03-30,19.58,22.65
2016-03-31,19.88,23.08
2016-04-01,19.85,22.96
2016-04-05,20.26,23.43
2016-04-06,20.3,23.47
2016-04-07,20.01,23.02
2016-04-08,19.83,22.83
2016-04-11,20.1,23.03
2016-04-12,20.19,22.87
2016-04-13,20.46,23.18
2016-04-14,20.67,23.38
2016-04-15,20.75,23.24
2016-04-18,20.69,21.67
2016-04-19,20.65,21.65
2016-04-20,19.99,21.0
2016-04-21,19.88,20.74
2016-04-22,19.91,20.79
2016-04-25,19.72,20.83
2016-04-26,19.78,20.93
2016-04-27,19.67,19.98
2016-04-28,19.6,19.84
2016-04-29,19.53,19.81
2016-05-03,19.89,20.29
2016-05-04,19.81,20.21
2016-05-05,19.87,20.27
2016-05-06,19.25,19.63
2016-05-09,18.8,19.18
2016-05-10,18.84,19.22
2016-05-11,18.91,19.29
2016-05-12,18.95,19.32
2016-05-13,18.86,19.24
2016-05-16,19.08,19.46
2016-05-17,19.02,19.4
2016-05-18,18.82,19.19
2016-05-19,18.79,19.16
2016-05-20,18.9,19.27
2016-05-23,19.0,19.37
2016-05-24,18.84,19.22
2016-05-25,18.79,19.16
2016-05-26,18.8,19.18
2016-05-27,18.82,19.2
2016-05-30,18.77,19.15
2016-05-31,19.47,19.87
2016-06-01,19.5,19.89
2016-06-02,19.58,19.98
2016-06-03,19.76,20.15
2016-06-06,19.86,20.23
2016-06-07,19.84,20.2
2016-06-08,19.7,20.06
2016-06-13,18.92,19.27
2016-06-14,19.01,19.36
2016-06-15,19.4,19.76
2016-06-16,19.22,19.58
2016-06-17,19.37,19.73
2016-06-20,19.45,19.81
2016-06-21,19.37,19.72
2016-06-22,19.64,20.0
2016-06-23,19.52,19.87
2016-06-24,19.24,19.59
2016-06-27,19.62,19.97
2016-06-28,19.74,20.1
2016-06-29,19.73,20.08
2016-06-30,19.85,20.2
2016-07-01,19.81,20.17
2016-07-04,19.86,20.21
2016-07-05,19.77,20.11
2016-07-06,19.91,20.26
2016-07-07,19.85,20.2
2016-07-08,19.85,20.19
2016-07-11,20.4,20.19
2016-07-12,20.82,20.61
2016-07-13,20.94,20.73
2016-07-14,20.91,20.69
2016-07-15,20.97,20.75
2016-07-18,20.81,20.59
2016-07-19,20.74,20.52
2016-07-20,20.7,20.48
2016-07-21,20.78,20.57
2016-07-22,20.63,20.42
2016-07-25,20.75,20.5
2016-07-26,21.04,20.79
2016-07-27,20.37,20.12
2016-07-28,20.45,20.19
2016-07-29,21.78,21.06
2016-08-01,21.56,20.81
2016-08-02,21.67,20.92
2016-08-03,21.76,21.0
2016-08-04,21.89,21.15
2016-08-05,21.94,21.19
2016-08-08,22.23,21.47
2016-08-09,22.41,21.66
2016-08-10,22.23,21.48
2016-08-11,22.09,21.35
2016-08-12,22.49,21.73
2016-08-15,23.22,22.45
2016-08-16,23.3,22.53
2016-08-17,23.27,22.51
2016-08-18,23.22,22.46
2016-08-19,23.15,22.39
2016-08-22,22.81,22.1
2016-08-23,22.68,22.17
2016-08-24,22.61,22.11
2016-08-25,22.46,21.95
2016-08-26,22.23,21.97
2016-08-29,22.43,22.03
2016-08-30,22.2,22.04
2016-08-31,22.44,22.19
2016-09-01,22.21,21.96
2016-09-02,22.24,22.04
2016-09-05,22.31,22.11
2016-09-06,22.59,22.39
2016-09-07,22.49,22.29
2016-09-08,22.46,22.26
2016-09-09,22.28,22.09
2016-09-12,21.7,21.52
2016-09-13,21.78,21.6
2016-09-14,21.68,21.49
2016-09-19,21.86,21.68
2016-09-20,21.82,21.64
2016-09-21,21.93,21.75
2016-09-22,22.15,21.96
2016-09-23,21.95,21.77
2016-09-26,21.49,21.32
2016-09-27,21.69,21.52
2016-09-28,21.65,21.48
2016-09-29,21.77,21.59
2016-09-30,21.9,21.72
2016-10-10,22.11,21.93
2016-10-11,22.16,21.98
2016-10-12,22.17,22.05
2016-10-13,22.17,22.06
2016-10-14,22.09,22.04
2016-10-17,21.78,21.8
2016-10-18,22.06,22.09
2016-10-19,21.99,22.02
2016-10-20,22.03,22.06
2016-10-21,21.94,22.0
2016-10-24,22.03,22.22
2016-10-25,21.98,22.24
2016-10-26,21.95,22.23
2016-10-27,21.73,22.17
2016-10-28,21.52,22.08
2016-10-31,21.23,22.05
2016-11-01,21.44,22.25
2016-11-02,21.2,22.02
2016-11-03,21.33,22.15
2016-11-04,21.24,22.06
2016-11-07,21.18,22.02
2016-11-08,21.33,22.17
2016-11-09,21.23,22.09
2016-11-10,21.47,22.34
2016-11-11,21.6,22.47
2016-11-14,21.67,22.53
2016-11-15,21.76,22.63
2016-11-16,21.76,22.63
2016-11-17,21.68,22.6
2016-11-18,21.52,22.43
2016-11-21,21.56,22.48
2016-11-22,21.72,22.64
2016-11-23,21.8,22.72
2016-11-24,21.89,22.8
2016-11-25,22.05,22.98
2016-11-28,22.12,23.06
2016-11-29,22.17,23.12
2016-11-30,22.11,23.05
2016-12-01,22.35,23.3
2016-12-02,21.98,22.93
2016-12-05,21.53,22.45
2016-12-06,21.49,22.42
2016-12-07,21.56,22.51
2016-12-08,21.47,22.42
2016-12-09,21.48,22.43
2016-12-12,20.56,21.48
2016-12-13,20.62,21.54
2016-12-14,20.37,21.28
2016-12-15,20.33,21.24
2016-12-16,20.5,21.42
2016-12-19,20.33,21.24
2016-12-20,20.2,21.11
2016-12-21,20.33,21.25
2016-12-22,20.3,21.21
2016-12-23,20.1,21.0
2016-12-26,20.15,21.06
2016-12-27,20.15,21.06
2016-12-28,20.07,20.97
2016-12-29,20.05,20.95
2016-12-30,20.1,21.03
2017-01-03,20.28,21.24
2017-01-04,20.49,21.47
2017-01-05,20.46,21.42
2017-01-06,20.28,21.25
2017-01-09,20.36,21.33
2017-01-10,20.34,21.32
2017-01-11,20.2,21.16
2017-01-12,20.06,21.03
2017-01-13,19.96,20.92
2017-01-16,19.49,20.45
2017-01-17,19.69,20.67
2017-01-18,19.75,20.72
2017-01-19,19.69,20.66
2017-01-20,19.91,20.9
2017-01-23,19.98,21.0
2017-01-24,19.92,20.94
2017-01-25,19.99,21.01
2017-01-26,20.76,21.92
2017-02-03,20.84,21.79
2017-02-06,20.93,21.88
2017-02-07,20.83,21.81
2017-02-08,21.04,22.02
2017-02-09,21.12,22.11
2017-02-10,21.18,22.18
2017-02-13,21.42,22.43
2017-02-14,21.41,22.41
2017-02-15,21.22,22.21
2017-02-16,21.25,22.38
2017-02-17,21.15,22.31
2017-02-20,21.56,22.66
2017-02-21,21.68,22.79
2017-02-22,21.7,22.83
2017-02-23,21.59,22.72
2017-02-24,21.54,22.69
2017-02-27,21.27,22.48
2017-02-28,21.49,22.58
2017-03-01,21.56,22.65
2017-03-02,21.46,22.55
2017-03-03,21.48,22.56
2017-03-06,21.72,22.91
2017-03-07,21.78,22.96
2017-03-08,21.67,22.8
2017-03-09,21.5,22.61
2017-03-10,21.58,22.69
2017-03-13,21.82,22.95
2017-03-14,21.81,22.87
2017-03-15,21.86,22.93
2017-03-16,22.04,23.01
2017-03-17,21.79,22.67
2017-03-20,21.77,22.66
2017-03-21,21.93,22.83
2017-03-22,21.87,22.86
2017-03-23,21.98,22.96
2017-03-24,22.18,23.17
2017-03-27,21.98,23.28
2017-03-28,21.81,22.73
2017-03-29,21.74,22.45
2017-03-30,21.4,22.66
2017-03-31,21.6,22.59
2017-04-05,21.92,22.93
2017-04-06,21.95,22.96
2017-04-07,21.97,22.48
2017-04-10,21.87,22.17
2017-04-11,22.3,22.19
2017-04-12,22.37,22.2
2017-04-13,22.52,22.35
2017-04-14,22.2,21.89
2017-04-17,22.21,21.83
2017-04-18,22.27,22.69
2017-04-19,22.13,22.52
2017-04-20,22.26,22.7
2017-04-21,22.08,22.61
2017-04-24,21.65,22.13
2017-04-25,21.63,22.25
2017-04-26,21.71,22.42
2017-04-27,21.56,22.2
2017-04-28,21.3,21.74
2017-05-02,20.97,21.77
2017-05-03,20.89,21.69
2017-05-04,20.8,21.59
2017-05-05,20.53,21.3
2017-05-08,20.12,20.89
2017-05-09,20.2,20.97
2017-05-10,20.05,20.81
2017-05-11,20.17,20.93
2017-05-12,20.25,21.01
2017-05-15,20.38,21.15
2017-05-16,20.71,21.49
2017-05-17,20.59,21.37
2017-05-18,20.54,21.31
2017-05-19,20.53,21.3
2017-05-22,20.51,21.28
2017-05-23,20.46,21.23
2017-05-24,20.54,21.31
2017-05-25,20.78,21.56
2017-05-26,20.68,21.45
2017-05-31,20.77,21.55
2017-06-01,20.68,21.45
2017-06-02,20.73,21.5
2017-06-05,20.74,21.52
2017-06-06,20.94,21.72
2017-06-07,21.33,22.13
2017-06-08,21.46,22.26
2017-06-09,21.56,22.37
2017-06-12,21.56,22.37
2017-06-13,21.74,22.55
2017-06-14,21.46,22.26
2017-06-15,21.5,22.3
2017-06-16,21.43,22.23
2017-06-19,21.56,22.37
2017-06-20,21.58,22.39
2017-06-21,21.93,22.72
2017-06-22,21.82,22.61
2017-06-23,22.15,22.95
2017-06-26,22.6,23.42
2017-06-27,22.56,23.38
2017-06-28,22.31,23.12
2017-06-29,22.46,23.27
2017-06-30,22.46,23.27
2017-07-03,22.32,23.13
2017-07-04,22.13,22.93
2017-07-05,22.35,23.16
2017-07-06,22.29,23.1
2017-07-07,22.28,23.09
2017-07-10,22.18,22.99
2017-07-11,22.31,23.11
2017-07-12,22.24,23.04
2017-07-13,22.3,23.09
2017-07-14,22.27,23.07
2017-07-17,21.7,22.47
2017-07-18,21.78,22.55
2017-07-19,22.26,23.05
2017-07-20,22.41,23.21
2017-07-21,22.35,23.14
2017-07-24,22.37,23.2
2017-07-25,22.19,23.03
2017-07-26,21.99,22.93
2017-07-27,22.11,23.1
2017-07-28,22.26,23.27
2017-07-31,22.75,24.01
2017-08-01,22.8,24.09
2017-08-02,22.7,24.02
2017-08-03,22.49,23.81
2017-08-04,22.33,23.64
2017-08-07,22.47,23.79
2017-08-08,22.54,23.87
2017-08-09,22.62,23.96
2017-08-10,22.53,23.87
2017-08-11,22.05,23.39
2017-08-14,22.48,23.84
2017-08-15,22.86,23.92
2017-08-16,22.95,24.0
2017-08-17,23.02,24.08
2017-08-18,22.93,24.07
2017-08-21,23.05,24.2
2017-08-22,23.12,24.15
2017-08-23,23.17,24.19
2017-08-24,23.0,24.06
2017-08-25,23.04,24.3
2017-08-28,23.12,24.73
2017-08-29,22.74,24.58
2017-08-30,22.8,24.67
2017-08-31,22.5,24.63
2017-09-01,22.6,24.73
2017-09-04,22.74,24.89
2017-09-05,22.82,24.98
2017-09-06,22.82,24.97
2017-09-07,22.76,24.91
2017-09-08,22.72,24.88
2017-09-11,22.81,24.99
2017-09-12,22.83,25.01
2017-09-13,22.92,25.11
2017-09-14,22.91,25.1
2017-09-15,22.97,25.18
2017-09-18,23.18,25.4
2017-09-19,23.07,25.3
2017-09-20,23.3,25.57
2017-09-21,23.19,25.46
2017-09-22,23.11,25.35
2017-09-25,22.79,25.02
2017-09-26,22.85,25.09
2017-09-27,23.01,25.27
2017-09-28,23.05,25.31
2017-09-29,23.16,25.43
2017-10-09,23.56,25.86
2017-10-10,23.67,25.96
2017-10-11,23.81,26.12
2017-10-12,23.79,26.09
2017-10-13,23.97,26.28
2017-10-16,23.82,26.12
2017-10-17,23.88,26.15
2017-10-18,24.03,26.31
2017-10-19,23.84,26.12
2017-10-20,23.9,26.22
2017-10-23,23.98,26.32
2017-10-24,24.13,26.51
2017-10-25,24.07,26.7
2017-10-26,24.14,26.76
2017-10-27,23.89,26.83
2017-10-30,23.67,26.69
2017-10-31,23.56,26.86
2017-11-01,23.53,26.83
2017-11-02,23.52,26.82
2017-11-03,23.38,26.66
2017-11-06,23.72,27.04
2017-11-07,23.93,27.28
2017-11-08,23.84,27.18
2017-11-09,24.08,27.45
2017-11-10,24.31,27.72
2017-11-13,24.36,27.77
2017-11-14,24.04,27.41
2017-11-15,23.8,27.12
2017-11-16,24.0,27.34
2017-11-17,23.71,27.0
2017-11-20,24.06,27.41
2017-11-21,24.69,28.12
2017-11-22,24.56,27.97
2017-11-23,23.57,26.85
2017-11-24,23.62,26.91
2017-11-27,23.1,26.33
2017-11-28,23.26,26.51
2017-11-29,23.22,26.47
2017-11-30,22.85,26.05
2017-12-01,22.93,26.13
2017-12-04,22.94,26.23
2017-12-05,22.82,26.1
2017-12-06,22.81,26.09
2017-12-07,22.4,25.64
2017-12-08,22.7,25.99
2017-12-11,23.19,26.55
2017-12-12,22.95,26.27
2017-12-13,23.19,26.56
2017-12-14,23.08,26.43
2017-12-15,22.78,26.09
2017-12-18,22.77,26.08
2017-12-19,23.03,26.38
2017-12-20,22.96,26.3
2017-12-21,23.29,26.67
2017-12-22,23.23,26.61
2017-12-25,23.14,26.51
2017-12-26,23.17,26.54
2017-12-27,22.9,26.25
2017-12-28,23.12,26.49
2017-12-29,23.24,26.63
2018-01-02,23.56,26.99
2018-01-03,23.7,27.15
2018-01-04,23.91,27.39
2018-01-05,23.96,27.45
2018-01-08,24.08,27.59
2018-01-09,24.28,27.81
2018-01-10,24.4,27.91
2018-01-11,24.37,27.89
2018-01-12,24.5,28.04
2018-01-15,24.38,27.89
2018-01-16,24.24,28.2
2018-01-17,24.07,28.0
2018-01-18,24.11,28.04
2018-01-19,24.11,28.03
2018-01-22,24.63,28.62
2018-01-23,24.87,28.86
2018-01-24,24.68,28.78
2018-01-25,24.5,28.58
2018-01-26,24.51,28.57
2018-01-29,24.0,27.95
2018-01-30,23.78,27.68
2018-01-31,23.64,27.7
2018-02-01,23.23,27.2
2018-02-02,23.46,27.46
2018-02-05,23.16,27.14
2018-02-06,22.25,26.08
2018-02-07,21.64,25.37
2018-02-08,21.88,25.65
2018-02-09,21.04,24.67
2018-02-12,21.66,25.4
2018-02-13,21.86,25.63
2018-02-14,22.05,25.89
2018-02-22,22.55,26.47
2018-02-23,22.56,26.49
2018-02-26,22.99,26.99
2018-02-27,22.74,26.57
2018-02-28,22.24,26.49
2018-03-01,22.52,26.7
2018-03-02,22.32,26.47
2018-03-05,22.34,26.47
2018-03-06,22.65,26.78
2018-03-07,22.38,26.46
2018-03-08,22.7,26.83
2018-03-09,23.01,27.14
2018-03-12,23.16,27.33
2018-03-13,22.95,27.06
2018-03-14,22.84,26.87
2018-03-15,22.93,26.93
2018-03-16,22.71,26.61
2018-03-19,22.68,26.49
2018-03-20,22.62,26.43
2018-03-21,22.51,26.3
2018-03-22,22.23,25.97
2018-03-23,21.56,25.18
2018-03-26,21.58,25.09
2018-03-27,21.64,24.59
2018-03-28,21.25,24.27
2018-03-29,21.62,24.21
2018-03-30,21.66,24.23
2018-04-02,21.54,23.49
2018-04-03,21.38,23.27
2018-04-04,21.36,23.24
2018-04-09,21.24,23.11
2018-04-10,21.56,23.77
2018-04-11,21.66,23.7
2018-04-12,21.72,23.37
2018-04-13,21.46,23.21
2018-04-16,21.25,22.9
2018-04-17,20.79,22.36
2018-04-18,20.86,22.63
2018-04-19,21.16,22.96
2018-04-20,20.84,22.45
2018-04-23,20.71,22.32
2018-04-24,21.0,22.23
2018-04-25,20.93,22.07
2018-04-26,20.12,20.99
2018-04-27,19.94,20.77
2018-05-02,19.72,20.59
2018-05-03,19.95,20.83
2018-05-04,19.85,20.73
2018-05-07,20.24,21.13
2018-05-08,20.51,21.42
2018-05-09,20.45,21.36
2018-05-10,20.56,21.47
2018-05-11,20.41,21.32
2018-05-14,20.63,21.55
2018-05-15,20.72,21.64
2018-05-16,20.61,21.52
2018-05-17,20.46,21.37
2018-05-18,20.56,21.48
2018-05-21,20.67,21.59
2018-05-22,20.59,21.5
2018-05-23,20.32,21.23
2018-05-24,20.14,21.04
2018-05-25,20.01,20.9
2018-05-28,20.16,21.06
2018-05-29,19.95,20.84
2018-05-30,19.56,20.43
2018-05-31,20.03,20.91
2018-06-01,19.86,20.73
2018-06-04,20.04,20.92
2018-06-05,20.33,21.22
2018-06-06,20.27,21.16
2018-06-07,20.23,21.12
2018-06-08,19.98,20.86
2018-06-11,20.01,20.89
2018-06-12,20.29,21.19
2018-06-13,19.97,20.88
2018-06-14,19.8,20.7
2018-06-15,19.63,20.51
2018-06-19,18.75,19.6
2018-06-20,18.91,19.75
2018-06-21,18.62,19.46
2018-06-22,18.76,19.6
2018-06-25,18.54,19.37
2018-06-26,18.45,19.28
2018-06-27,17.99,18.8
2018-06-28,17.78,18.58
2018-06-29,18.35,19.18
2018-07-02,17.86,18.66
2018-07-03,17.84,18.64
2018-07-04,17.46,18.25
2018-07-05,17.23,18.01
2018-07-06,17.31,18.09
2018-07-09,17.84,18.65
2018-07-10,17.93,18.73
2018-07-11,17.59,18.37
2018-07-12,18.03,18.83
2018-07-13,18.14,18.95
2018-07-16,18.11,18.9
2018-07-17,18.02,18.79
2018-07-18,17.83,18.59
2018-07-19,17.85,18.6
2018-07-20,18.04,18.81
2018-07-23,18.15,18.95
2018-07-24,18.46,19.27
2018-07-25,18.41,19.21
2018-07-26,18.13,18.95
2018-07-27,18.04,18.84
2018-07-30,17.96,18.67
2018-07-31,18.28,19.36
2018-08-01,17.9,18.96
2018-08-02,17.44,18.48
2018-08-03,17.02,18.04
2018-08-06,16.68,17.67
2018-08-07,17.21,18.24
2018-08-08,16.85,17.84
2018-08-09,17.37,18.4
2018-08-10,17.49,18.53
2018-08-13,17.47,18.52
2018-08-14,17.35,18.41
2018-08-15,16.97,17.97
2018-08-16,16.76,17.8
2018-08-17,16.49,17.52
2018-08-20,16.62,17.67
2018-08-21,16.88,18.05
2018-08-22,16.73,17.89
2018-08-23,16.72,17.92
2018-08-24,16.68,17.88
2018-08-27,17.21,18.44
2018-08-28,17.19,18.41
2018-08-29,17.04,18.33
2018-08-30,16.84,18.11
2018-08-31,16.7,17.98
2018-09-03,16.61,17.88
2018-09-04,16.82,18.11
2018-09-05,16.48,17.75
2018-09-06,16.26,17.51
2018-09-07,16.28,17.53
2018-09-10,16.0,17.21
2018-09-11,16.0,17.22
2018-09-12,15.81,17.02
2018-09-13,15.92,17.15
2018-09-14,15.97,17.2
2018-09-17,15.77,16.99
2018-09-18,16.01,17.25
2018-09-19,16.31,17.56
2018-09-20,16.28,17.53
2018-09-21,16.76,18.04
2018-09-25,16.58,17.85
2018-09-26,16.76,18.05
2018-09-27,16.64,17.91
2018-09-28,16.78,18.06
2018-10-08,16.0,17.21
2018-10-09,15.99,17.2
2018-10-10,15.87,17.08
2018-10-11,15.07,16.21
2018-10-12,15.26,16.41
2018-10-15,15.06,16.18
2018-10-16,14.83,15.93
2018-10-17,14.94,16.06
2018-10-18,14.63,15.73
2018-10-19,15.03,16.16
2018-10-22,15.69,16.95
2018-10-23,15.22,16.47
2018-10-24,15.18,16.43
2018-10-25,15.2,16.45
2018-10-26,15.05,16.35
2018-10-29,14.58,15.8
2018-10-30,14.81,15.91
2018-10-31,14.9,16.13
2018-11-01,15.11,16.36
2018-11-02,15.73,17.04
2018-11-05,15.6,16.89
2018-11-06,15.44,16.73
2018-11-07,15.32,16.62
2018-11-08,15.24,16.53
2018-11-09,15.09,16.37
2018-11-12,15.37,16.68
2018-11-13,15.59,16.91
2018-11-14,15.46,16.77
2018-11-15,15.63,16.95
2018-11-16,15.75,17.11
2018-11-19,15.94,17.31
2018-11-20,15.49,16.81
2018-11-21,15.54,16.86
2018-11-22,15.5,16.82
2018-11-23,15.09,16.37
2018-11-26,15.05,16.35
2018-11-27,15.03,16.33
2018-11-28,15.31,16.62
2018-11-29,15.05,16.33
2018-11-30,15.26,16.56
2018-12-03,15.75,17.11
2018-12-04,15.73,17.08
2018-12-05,15.67,17.02
2018-12-06,15.26,16.56
2018-12-07,15.06,16.59
2018-12-10,14.83,16.31
2018-12-11,14.95,16.42
2018-12-12,15.04,16.49
2018-12-13,15.3,16.75
2018-12-14,14.98,16.39
2018-12-17,14.91,16.3
2018-12-18,14.75,16.11
2018-12-19,14.55,15.88
2018-12-20,14.53,15.85
2018-12-21,14.27,15.58
2018-12-24,14.35,15.66
2018-12-25,14.24,15.56
2018-12-26,14.16,15.48
2018-12-27,14.04,15.35
2018-12-28,14.14,15.45
2019-01-02,13.84,15.27
2019-01-03,13.76,15.16
2019-01-04,14.15,15.61
2019-01-07,14.32,15.81
2019-01-08,14.31,15.79
2019-01-09,14.47,15.96
2019-01-10,14.41,15.9
2019-01-11,14.49,15.99
2019-01-14,14.36,15.84
2019-01-15,14.67,16.18
2019-01-16,14.67,16.17
2019-01-17,14.55,16.04
2019-01-18,14.82,16.33
2019-01-21,14.89,16.42
2019-01-22,14.68,16.18
2019-01-23,14.69,16.18
2019-01-24,14.79,16.28
2019-01-25,14.9,16.4
2019-01-28,14.89,16.43
2019-01-29,14.91,16.44
2019-01-30,14.75,16.27
2019-01-31,15.43,17.28
2019-02-01,15.83,17.72
2019-02-11,16.31,18.26
2019-02-12,16.48,18.44
2019-02-13,16.8,18.83
2019-02-14,16.95,19.0
2019-02-15,16.63,18.69
2019-02-18,17.28,19.43
2019-02-19,17.24,19.4
2019-02-20,17.36,19.52
2019-02-21,17.3,19.47
2019-02-22,17.71,19.9
2019-02-25,18.77,21.01
2019-02-26,18.54,20.79
2019-02-27,18.39,20.59
2019-02-28,18.63,20.67
2019-03-01,19.0,21.07
2019-03-04,19.48,21.59
2019-03-05,19.75,21.9
2019-03-06,19.85,21.98
2019-03-07,19.57,21.54
2019-03-08,18.91,20.83
2019-03-11,19.5,21.48
2019-03-12,19.67,21.68
2019-03-13,19.28,21.22
2019-03-14,19.1,21.01
2019-03-15,19.48,21.37
2019-03-18,20.12,22.06
2019-03-19,20.14,21.77
2019-03-20,20.07,21.64
2019-03-21,20.06,21.6
2019-03-22,20.05,21.57
2019-03-25,19.63,21.11
2019-03-26,19.3,20.71
2019-03-27,19.62,21.3
2019-03-28,19.47,20.99
2019-03-29,20.28,21.82
2019-04-01,20.82,21.54
2019-04-02,20.75,21.46
2019-04-03,20.91,21.53
2019-04-04,21.09,21.67
2019-04-08,20.98,21.55
2019-04-09,21.28,21.75
2019-04-10,21.24,21.91
2019-04-11,20.65,21.29
2019-04-12,20.66,21.25
2019-04-15,20.17,21.1
2019-04-16,20.61,21.65
2019-04-17,20.72,21.8
2019-04-18,20.62,21.64
2019-04-19,20.81,21.86
2019-04-22,20.36,21.34
2019-04-23,20.27,21.55
2019-04-24,20.41,21.77
2019-04-25,20.26,21.33
2019-04-26,19.95,20.89
2019-04-29,19.78,20.39
2019-04-30,19.72,20.33
2019-05-06,18.25,18.96
2019-05-07,18.63,19.35
2019-05-08,18.4,19.09
2019-05-09,18.07,18.77
2019-05-10,18.78,19.5
2019-05-13,18.52,19.23
2019-05-14,18.42,19.11
2019-05-15,18.91,19.61
2019-05-16,18.95,19.67
2019-05-17,18.42,19.12
2019-05-20,18.22,18.88
2019-05-21,18.52,19.21
2019-05-22,18.37,19.04
2019-05-23,17.9,18.55
2019-05-24,17.94,18.57
2019-05-27,18.26,18.92
2019-05-28,18.52,19.21
2019-05-29,18.4,19.07
2019-05-30,18.26,18.95
2019-05-31,18.24,18.93
2019-06-03,18.18,18.87
2019-06-04,17.93,18.61
2019-06-05,17.94,18.61
2019-06-06,17.68,18.32
2019-06-10,17.97,18.61
2019-06-11,18.63,19.3
2019-06-12,18.48,19.15
2019-06-13,18.43,19.1
2019-06-14,18.23,18.89
2019-06-17,18.17,18.83
2019-06-18,18.23,18.9
2019-06-19,18.48,19.15
2019-06-20,19.04,19.71
2019-06-21,19.1,19.76
2019-06-24,19.13,19.8
2019-06-25,18.94,19.6
2019-06-26,18.97,19.63
2019-06-27,19.24,19.9
2019-06-28,19.9,20.64
2019-07-01,20.7,21.47
2019-07-02,20.71,21.49
2019-07-03,20.62,21.39
2019-07-04,20.47,21.23
2019-07-05,20.67,21.44
2019-07-08,20.22,21.0
2019-07-09,20.23,21.01
2019-07-10,20.23,21.0
2019-07-11,20.14,20.91
2019-07-12,20.32,21.1
2019-07-15,20.43,21.25
2019-07-16,20.3,21.12
2019-07-17,20.37,21.2
2019-07-18,20.1,20.93
2019-07-19,20.27,21.14
2019-07-22,20.19,21.07
2019-07-23,20.23,21.11
2019-07-24,20.38,21.28
2019-07-25,20.61,21.51
2019-07-26,20.64,21.54
2019-07-29,20.6,21.54
2019-07-30,20.74,21.61
2019-07-31,20.78,21.4
2019-08-01,20.62,21.24
2019-08-02,20.37,20.96
2019-08-05,19.94,20.52
2019-08-06,19.8,20.36
2019-08-07,19.73,20.29
2019-08-08,19.95,20.58
2019-08-09,19.68,20.31
2019-08-12,20.09,20.73
2019-08-13,19.9,20.55
2019-08-14,20.03,20.69
2019-08-15,20.07,20.78
2019-08-16,20.16,20.9
2019-08-19,20.66,21.41
2019-08-20,20.77,21.42
2019-08-21,20.44,21.37
2019-08-22,20.5,21.44
2019-08-23,20.54,21.5
2019-08-26,20.3,21.25
2019-08-27,21.06,21.68
2019-08-28,21.1,21.68
2019-08-29,20.97,21.59
2019-08-30,21.04,21.68
2019-09-02,21.08,22.02
2019-09-03,21.16,22.1
2019-09-04,21.24,22.2
2019-09-05,21.39,22.35
2019-09-06,21.43,22.39
2019-09-09,21.65,22.63
2019-09-10,21.57,22.55
2019-09-11,21.29,22.25
2019-09-12,21.46,22.43
2019-09-16,21.43,22.4
2019-09-17,21.18,22.13
2019-09-18,21.32,22.28
2019-09-19,21.48,22.45
2019-09-20,21.56,22.53
2019-09-23,21.31,22.26
2019-09-24,21.35,22.3
2019-09-25,21.16,22.1
2019-09-26,20.85,21.78
2019-09-27,21.04,21.97
2019-09-30,20.85,21.77
2019-10-08,20.99,21.92
2019-10-09,20.99,21.92
2019-10-10,21.25,22.19
2019-10-11,21.37,22.32
2019-10-14,21.56,22.59
2019-10-15,21.42,22.44
2019-10-16,21.36,22.38
2019-10-17,21.41,22.43
2019-10-18,21.2,22.2
2019-10-21,21.31,22.34
2019-10-22,21.28,22.48
2019-10-23,21.05,22.3
2019-10-24,21.03,22.28
2019-10-25,21.18,22.59
2019-10-28,21.29,22.75
2019-10-29,21.19,22.77
2019-10-30,21.23,22.64
2019-10-31,20.52,22.58
2019-11-01,20.92,23.02
2019-11-04,21.06,23.17
2019-11-05,21.23,23.36
2019-11-06,21.08,23.19
2019-11-07,21.19,23.31
2019-11-08,21.17,23.29
2019-11-11,20.77,22.86
2019-11-12,20.79,22.87
2019-11-13,20.86,22.95
2019-11-14,20.93,23.03
2019-11-15,20.71,22.79
2019-11-18,20.85,22.95
2019-11-19,21.18,23.32
2019-11-20,20.99,23.1
2019-11-21,20.88,22.98
2019-11-22,20.49,22.55
2019-11-25,20.53,22.61
2019-11-26,20.74,22.84
2019-11-27,20.6,22.67
2019-11-28,20.55,22.62
2019-11-29,20.37,22.43
2019-12-02,20.41,22.46
2019-12-03,20.49,22.56
2019-12-04,20.56,22.63
2019-12-05,20.75,22.84
2019-12-06,20.93,23.03
2019-12-09,20.82,22.91
2019-12-10,20.81,22.9
2019-12-11,20.71,22.8
2019-12-12,20.68,22.77
2019-12-13,21.05,23.18
2019-12-16,21.26,23.41
2019-12-17,21.59,23.77
2019-12-18,21.55,23.74
2019-12-19,21.55,23.73
2019-12-20,21.51,23.69
2019-12-23,21.18,23.32
2019-12-24,21.36,23.53
2019-12-25,21.4,23.57
2019-12-26,21.53,23.71
2019-12-27,21.46,23.63
2019-12-30,21.8,24.01
2019-12-31,21.93,24.15
2020-01-02,22.34,24.61
2020-01-03,22.34,24.61
2020-01-06,22.28,24.54
2020-01-07,22.52,24.81
2020-01-08,22.3,24.57
2020-01-09,22.74,25.05
2020-01-10,22.7,25.01
2020-01-13,23.01,25.36
2020-01-14,22.93,25.28
2020-01-15,22.89,25.23
2020-01-16,22.84,25.17
2020-01-17,22.83,25.16
2020-01-20,23.1,25.45
2020-01-21,22.72,25.03
2020-01-22,22.93,25.25
2020-01-23,22.53,25.17
2020-02-03,20.69,23.1
2020-02-04,21.42,23.92
2020-02-05,21.91,24.45
2020-02-06,22.46,25.07
2020-02-07,22.37,24.91
2020-02-10,22.63,25.21
2020-02-11,22.84,25.44
2020-02-12,23.05,25.68
2020-02-13,22.89,25.51
2020-02-14,23.06,25.47
2020-02-17,23.61,26.09
2020-02-18,23.55,26.03
2020-02-19,23.52,26.04
2020-02-20,24.09,26.74
2020-02-21,24.22,26.89
2020-02-24,24.31,26.99
2020-02-25,24.08,27.17
2020-02-26,23.53,26.54
2020-02-27,23.26,26.15
2020-02-28,22.17,25.11
2020-03-02,22.67,25.9
2020-03-03,22.85,26.11
2020-03-04,22.94,26.22
2020-03-05,23.49,26.84
2020-03-06,23.16,26.47
2020-03-09,22.34,25.53
2020-03-10,22.81,26.03
2020-03-11,22.47,25.64
2020-03-12,21.88,24.98
2020-03-13,21.62,24.69
2020-03-16,20.95,23.46
2020-03-17,20.81,23.29
2020-03-18,20.46,22.64
2020-03-19,20.24,22.4
2020-03-20,20.55,22.63
2020-03-23,19.72,21.87
2020-03-24,20.21,22.36
2020-03-25,20.91,23.12
2020-03-26,20.83,22.99
2020-03-27,20.83,22.85
2020-03-30,20.58,22.4
2020-03-31,20.88,22.55
2020-04-01,20.81,22.36
2020-04-02,21.16,22.64
2020-04-03,21.07,22.5
2020-04-07,21.69,23.16
2020-04-08,21.53,22.91
2020-04-09,21.65,23.04
2020-04-10,21.45,22.78
2020-04-13,21.37,22.67
2020-04-14,21.64,23.18
2020-04-15,21.57,23.0
2020-04-16,21.57,23.0
2020-04-17,21.77,23.15
2020-04-20,21.89,23.42
2020-04-21,21.52,22.83
2020-04-22,21.79,23.16
2020-04-23,21.72,23.12
2020-04-24,21.46,22.35
2020-04-27,21.52,22.33
2020-04-28,21.7,22.45
2020-04-29,21.86,22.39
2020-04-30,22.51,22.42
2020-05-06,22.73,22.63
2020-05-07,22.67,22.58
2020-05-08,22.93,22.83
2020-05-11,22.83,22.73
2020-05-12,22.91,22.81
2020-05-13,23.03,22.93
2020-05-14,22.79,22.69
2020-05-15,22.76,22.67
2020-05-18,22.8,22.7
2020-05-19,23.05,22.95
2020-05-20,22.86,22.76
2020-05-21,22.75,22.66
2020-05-22,22.23,22.14
2020-05-25,22.28,22.18
2020-05-26,22.67,22.57
2020-05-27,22.39,22.3
2020-05-28,22.36,22.27
2020-05-29,22.54,22.44
2020-06-01,23.23,23.13
2020-06-02,23.24,23.14
2020-06-03,23.22,23.12
2020-06-04,23.32,23.22
2020-06-05,23.45,23.35
2020-06-08,23.55,23.45
2020-06-09,23.72,23.62
2020-06-10,23.85,23.75
2020-06-11,23.61,23.51
2020-06-12,23.67,23.57
2020-06-15,23.53,23.43
2020-06-16,23.88,23.78
2020-06-17,23.87,23.77
2020-06-18,24.15,24.05
2020-06-19,24.57,24.47
2020-06-22,24.57,24.46
2020-06-23,24.84,24.74
2020-06-24,24.88,24.78
2020-06-29,24.76,24.66
2020-06-30,25.25,25.15
2020-07-01,25.67,25.56
2020-07-02,26.01,25.91
2020-07-03,26.4,26.29
2020-07-06,27.48,27.36
2020-07-07,27.97,27.85
2020-07-08,28.33,28.22
2020-07-09,28.99,28.89
2020-07-10,28.81,28.71
2020-07-13,29.82,29.71
2020-07-14,29.61,29.51
2020-07-15,29.39,29.29
2020-07-16,27.81,27.71
2020-07-17,28.09,27.99
2020-07-20,28.28,28.59
2020-07-21,28.51,28.83
2020-07-22,28.75,29.08
2020-07-23,28.79,29.12
2020-07-24,27.31,27.62
2020-07-27,27.47,27.81
2020-07-28,27.82,28.22
2020-07-29,28.64,29.06
2020-07-30,28.46,28.88
2020-07-31,28.86,29.19
2020-08-03,29.43,29.76
2020-08-04,29.28,29.64
2020-08-05,29.38,29.74
2020-08-06,29.04,29.39
2020-08-07,28.63,28.98
2020-08-10,28.63,28.99
2020-08-11,28.42,28.77
2020-08-12,27.92,28.4
2020-08-13,27.84,28.31
2020-08-14,28.38,28.86
2020-08-17,28.9,29.39
2020-08-18,28.84,29.42
2020-08-19,28.36,28.93
2020-08-20,27.87,28.6
2020-08-21,28.23,29.01
2020-08-24,28.52,29.45
2020-08-25,28.64,29.57
2020-08-26,28.24,29.22
2020-08-27,28.33,29.46
2020-08-28,29.08,30.32
2020-08-31,28.81,30.05
2020-09-01,29.02,30.26
2020-09-02,29.11,30.35
2020-09-03,28.92,30.16
2020-09-04,28.58,29.8
2020-09-07,27.75,28.94
2020-09-08,27.68,28.87
2020-09-09,26.79,27.94
2020-09-10,26.82,27.97
2020-09-11,27.23,28.4
2020-09-14,27.33,28.51
2020-09-15,27.61,28.79
2020-09-16,27.3,28.47
2020-09-17,27.23,28.39
2020-09-18,27.7,28.89
2020-09-21,27.4,28.57
2020-09-22,27.27,28.44
2020-09-23,27.5,28.67
2020-09-24,26.95,28.11
2020-09-25,26.97,28.13
2020-09-28,27.0,28.16
2020-09-29,27.26,28.43
2020-09-30,27.41,28.59
2020-10-09,28.15,29.36
2020-10-12,29.1,30.35
2020-10-13,29.33,30.65
2020-10-14,29.2,30.51
2020-10-15,29.12,30.42
2020-10-16,28.91,30.23
2020-10-19,28.68,30.06
2020-10-20,28.52,30.54
2020-10-21,28.33,30.36
2020-10-22,28.18,30.24
2020-10-23,27.47,29.6
2020-10-26,27.63,29.77
2020-10-27,27.69,29.99
2020-10-28,27.83,30.39
2020-10-29,28.18,30.89
2020-10-30,27.2,30.3
2020-11-02,27.59,30.83
2020-11-03,27.82,31.1
2020-11-04,28.12,31.43
2020-11-05,28.54,31.9
2020-11-06,28.44,31.78
2020-11-09,28.97,32.37
2020-11-10,28.65,32.01
2020-11-11,28.04,31.33
2020-11-12,28.21,31.52
2020-11-13,28.01,31.3
2020-11-16,28.19,31.49
2020-11-17,27.95,31.23
2020-11-18,27.74,30.99
2020-11-19,28.04,31.32
2020-11-20,28.19,31.48
2020-11-23,28.36,31.68
2020-11-24,28.18,31.48
2020-11-25,27.62,30.86
2020-11-26,27.57,30.8
2020-11-27,27.83,31.09
2020-11-30,27.75,31.0
2020-12-01,28.26,31.57
2020-12-02,28.3,31.61
2020-12-03,28.4,31.72
2020-12-04,28.57,31.92
2020-12-07,28.49,31.82
2020-12-08,28.44,31.77
2020-12-09,27.95,31.21
2020-12-10,28.03,31.3
2020-12-11,27.8,31.03
2020-12-14,28.05,31.31
2020-12-15,28.23,31.51
2020-12-16,28.33,31.63
2020-12-17,28.58,31.9
2020-12-18,28.54,31.85
2020-12-21,29.1,32.48
2020-12-22,28.73,32.06
2020-12-23,28.94,32.3
2020-12-24,28.91,32.25
2020-12-25,29.09,32.45
2020-12-28,29.3,32.68
2020-12-29,29.08,32.45
2020-12-30,29.66,33.09
2020-12-31,30.23,33.72
2021-01-04,30.91,34.48
2021-01-05,31.86,35.53
2021-01-06,32.1,35.8
2021-01-07,32.64,36.4
2021-01-08,32.43,36.17
2021-01-11,32.0,35.69
2021-01-12,32.85,36.63
2021-01-13,32.61,36.36
2021-01-14,31.73,35.38
2021-01-15,31.68,35.33
2021-01-18,32.03,35.73
2021-01-19,31.42,35.06
2021-01-20,31.93,35.62
2021-01-21,32.67,36.44
2021-01-22,32.95,36.75
2021-01-25,33.38,37.26
2021-01-26,32.6,36.43
2021-01-27,32.76,36.6
2021-01-28,31.66,35.38
2021-01-29,31.57,35.31
2021-02-01,32.27,36.09
2021-02-02,32.9,36.89
2021-02-03,32.82,36.79
2021-02-04,32.74,36.7
2021-02-05,32.73,36.69
2021-02-08,33.38,37.46
2021-02-09,34.12,38.3
2021-02-10,35.06,39.34
2021-02-18,34.17,38.35
2021-02-19,34.24,38.44
2021-02-22,33.31,36.74
2021-02-23,33.15,36.55
2021-02-24,32.07,35.36
2021-02-25,32.07,35.37
2021-02-26,31.25,34.49
2021-03-01,31.82,35.32
2021-03-02,31.5,34.93
2021-03-03,31.86,35.33
2021-03-04,30.62,33.95
2021-03-05,30.65,33.86
2021-03-08,29.23,32.29
2021-03-09,28.4,31.39
2021-03-10,28.79,31.81
2021-03-11,29.31,32.42
2021-03-12,29.44,32.48
2021-03-15,28.38,31.29
2021-03-16,28.75,31.69
2021-03-17,29.1,32.14
2021-03-18,29.52,32.5
2021-03-19,28.5,31.39
2021-03-22,28.72,31.47
2021-03-23,28.43,31.48
2021-03-24,28.02,30.97
2021-03-25,27.9,30.93
2021-03-26,28.68,31.75
2021-03-29,28.67,31.52
2021-03-30,28.84,31.34
2021-03-31,28.44,30.34
2021-04-01,28.9,30.84
2021-04-02,29.25,31.08
2021-04-06,29.05,31.02
2021-04-07,28.69,30.64
2021-04-08,28.74,30.71
2021-04-09,28.2,30.14
2021-04-12,27.59,29.4
2021-04-13,27.65,29.39
2021-04-14,28.17,29.88
2021-04-15,27.37,29.33
2021-04-16,27.4,29.3
2021-04-19,28.3,30.23
2021-04-20,28.27,30.07
2021-04-21,28.3,30.03
2021-04-22,28.41,30.53
2021-04-23,28.75,30.83
2021-04-26,28.35,30.73
2021-04-27,28.35,30.55
2021-04-28,28.33,30.8
2021-04-29,28.14,30.8
2021-04-30,27.07,29.03
2021-05-06,26.43,28.35
2021-05-07,25.86,27.74
2021-05-10,25.8,27.67
2021-05-11,25.99,27.88
2021-05-12,26.12,28.02
2021-05-13,25.85,27.72
2021-05-14,26.44,28.35
2021-05-17,27.05,29.01
2021-05-18,27.0,28.95
2021-05-19,27.04,29.0
2021-05-20,27.21,29.18
2021-05-21,26.96,28.92
2021-05-24,27.14,29.11
2021-05-25,27.9,29.93
2021-05-26,27.75,29.76
2021-05-27,27.87,29.9
2021-05-28,27.75,29.76
2021-05-31,27.87,29.89
2021-06-01,28.01,30.05
2021-06-02,27.7,29.71
2021-06-03,27.51,29.51
2021-06-04,27.78,29.79
2021-06-07,27.62,29.62
2021-06-08,27.34,29.32
2021-06-09,27.31,29.29
2021-06-10,27.58,29.58
2021-06-11,27.4,29.39
2021-06-15,27.14,29.11
2021-06-16,26.45,28.37
2021-06-17,26.69,28.63
2021-06-18,26.83,28.78
2021-06-21,26.81,28.76
2021-06-22,26.98,28.94
2021-06-23,27.15,29.12
2021-06-24,27.2,29.17
2021-06-25,27.63,29.64
2021-06-28,27.94,29.96
2021-06-29,27.64,29.64
2021-06-30,27.95,29.98
2021-07-01,27.94,29.96
2021-07-02,27.06,29.02
2021-07-05,27.0,28.96
2021-07-06,26.88,28.83
2021-07-07,27.28,29.26
2021-07-08,27.01,28.97
2021-07-09,26.78,28.72
2021-07-12,27.34,29.34
2021-07-13,27.41,29.4
2021-07-14,27.17,29.15
2021-07-15,27.34,29.33
2021-07-16,26.93,28.89
2021-07-19,27.06,29.03
2021-07-20,27.03,29.0
2021-07-21,27.32,29.3
2021-07-22,27.28,29.26
2021-07-23,26.84,28.79
2021-07-26,25.73,27.7
2021-07-27,24.6,26.48
2021-07-28,24.73,26.63
2021-07-29,25.32,27.27
2021-07-30,24.95,26.88
2021-08-02,25.75,27.74
2021-08-03,25.84,27.83
2021-08-04,26.13,28.14
2021-08-05,25.83,27.82
2021-08-06,25.66,27.64
2021-08-09,25.92,27.95
2021-08-10,26.09,28.33
2021-08-11,25.91,28.14
2021-08-12,25.6,27.8
2021-08-13,25.34,27.6
2021-08-16,25.24,27.54
2021-08-17,24.66,26.91
2021-08-18,24.92,27.21
2021-08-19,25.08,27.12
2021-08-20,24.33,26.45
2021-08-23,24.81,27.0
2021-08-24,24.79,27.23
2021-08-25,24.8,27.24
2021-08-26,24.11,26.6
2021-08-27,24.17,26.49
2021-08-30,23.73,26.27
2021-08-31,23.43,26.05
2021-09-01,23.74,26.4
2021-09-02,23.63,26.29
2021-09-03,23.51,26.16
2021-09-06,24.33,27.06
2021-09-07,24.44,27.18
2021-09-08,24.34,27.07
2021-09-09,24.35,27.08
2021-09-10,24.46,27.2
2021-09-13,24.33,27.06
2021-09-14,24.19,26.9
2021-09-15,23.84,26.52
2021-09-16,23.49,26.14
2021-09-17,23.85,26.54
2021-09-22,23.6,26.26
2021-09-23,23.74,26.43
2021-09-24,23.8,26.49
2021-09-27,24.15,26.89
2021-09-28,24.13,26.86
2021-09-29,23.87,26.58
2021-09-30,24.2,26.94
2021-10-08,24.64,27.43
2021-10-11,24.55,27.33
2021-10-12,24.25,26.99
2021-10-13,24.67,27.46
2021-10-14,24.54,27.31
2021-10-15,24.68,27.46
2021-10-18,24.39,27.18
2021-10-19,25.15,27.49
2021-10-20,25.02,27.33
2021-10-21,24.97,27.42
2021-10-22,25.2,27.69
2021-10-25,25.22,27.78
2021-10-26,25.13,27.68
2021-10-27,24.75,27.34
2021-10-28,24.36,27.13
2021-10-29,24.57,27.56
2021-11-01,24.62,27.54
2021-11-02,24.42,27.32
2021-11-03,24.34,27.26
2021-11-04,24.73,27.7
2021-11-05,24.61,27.54
2021-11-08,24.59,27.53
2021-11-09,24.64,27.57
2021-11-10,24.43,27.35
2021-11-11,24.82,27.78
2021-11-12,24.65,27.6
2021-11-15,24.59,27.55
2021-11-16,24.69,27.65
2021-11-17,24.76,27.71
2021-11-18,24.5,27.43
2021-11-19,24.91,27.88
2021-11-22,25.17,28.16
2021-11-23,25.02,27.99
2021-11-24,25.04,28.01
2021-11-25,24.86,27.81
2021-11-26,24.69,27.61
2021-11-29,24.71,27.64
2021-11-30,24.59,27.5
2021-12-01,24.64,27.56
2021-12-02,24.74,27.67
2021-12-03,24.98,27.96
2021-12-06,24.84,27.79
2021-12-07,24.82,27.77
2021-12-08,25.28,28.28
2021-12-09,25.77,28.82
2021-12-10,25.61,28.63
2021-12-13,25.84,28.89
2021-12-14,25.67,28.71
2021-12-15,25.44,28.45
2021-12-16,25.58,28.6
2021-12-17,25.17,28.15
2021-12-20,24.74,27.67
2021-12-21,24.94,27.91
2021-12-22,25.07,28.07
2021-12-23,25.25,28.28
2021-12-24,25.11,28.11
2021-12-27,25.1,28.1
2021-12-28,25.24,28.26
2021-12-29,24.8,27.76
2021-12-30,25.03,28.02
2021-12-31,25.08,28.08
2022-01-04,25.05,28.08
2022-01-05,24.7,27.71
2022-01-06,24.35,27.32
2022-01-07,24.33,27.29
2022-01-10,24.4,27.4
2022-01-11,24.05,27.0
2022-01-12,24.35,27.33
2022-01-13,23.87,26.77
2022-01-14,23.74,26.67
2022-01-17,24.1,27.08
2022-01-18,24.19,27.25
2022-01-19,23.91,26.93
2022-01-20,24.16,27.22
2022-01-21,23.86,26.87
2022-01-24,23.85,26.85
2022-01-25,23.24,26.17
2022-01-26,23.47,26.43
2022-01-27,22.9,25.81
2022-01-28,22.75,25.66
2022-02-07,22.95,25.88
2022-02-08,22.7,25.6
2022-02-09,23.0,26.0
2022-02-10,22.82,25.82
2022-02-11,22.49,25.44
2022-02-14,22.31,25.23
2022-02-15,22.64,25.58
2022-02-16,22.71,25.65
2022-02-17,22.7,25.64
2022-02-18,22.77,25.73
2022-02-21,22.71,25.66
2022-02-22,22.3,25.2
2022-02-23,22.61,25.58
2022-02-24,22.29,24.94
2022-02-25,22.61,25.28
2022-02-28,22.7,25.27
2022-03-01,22.83,25.45
2022-03-02,22.5,25.09
2022-03-03,22.3,24.86
2022-03-04,21.92,24.44
2022-03-07,21.01,23.45
2022-03-08,20.54,22.92
2022-03-09,20.43,22.66
2022-03-10,20.71,22.8
2022-03-11,20.82,22.94
2022-03-14,20.02,22.12
2022-03-15,19.14,21.13
2022-03-16,19.99,22.07
2022-03-17,20.58,22.66
2022-03-18,20.6,22.67
2022-03-21,20.63,22.55
2022-03-22,20.56,22.58
2022-03-23,20.74,22.74
2022-03-24,20.58,22.56
2022-03-25,20.12,22.08
2022-03-28,19.9,21.87
2022-03-29,19.79,21.74
2022-03-30,20.55,22.54
2022-03-31,21.28,22.68
2022-04-01,21.59,23.01
2022-04-06,21.63,22.97
2022-04-07,21.32,22.63
2022-04-08,21.41,22.52
2022-04-11,20.72,21.78
2022-04-12,21.26,22.32
2022-04-13,21.03,22.06
2022-04-14,21.32,22.36
2022-04-15,21.26,22.25
2022-04-18,21.24,22.14
2022-04-19,21.06,21.77
2022-04-20,20.68,21.36
2022-04-21,20.31,20.97
2022-04-22,20.22,20.65
2022-04-25,19.26,19.7
2022-04-26,19.13,19.26
2022-04-27,19.58,19.76
2022-04-28,19.52,19.3
2022-04-29,19.73,19.73
2022-05-05,20.29,20.99
2022-05-06,19.8,20.49
2022-05-09,19.56,20.25
2022-05-10,19.75,20.44
2022-05-11,20.19,20.88
2022-05-12,20.12,20.8
2022-05-13,20.3,20.97
2022-05-16,20.12,20.8
2022-05-17,20.4,21.08
2022-05-18,20.31,20.99
2022-05-19,20.32,20.98
2022-05-20,20.75,21.42
2022-05-23,20.62,21.3
2022-05-24,20.07,20.73
2022-05-25,20.17,20.85
2022-05-26,20.23,20.91
2022-05-27,20.26,20.93
2022-05-30,20.49,21.17
2022-05-31,20.89,21.59
2022-06-01,20.91,21.6
2022-06-02,20.92,21.61
2022-06-06,21.47,22.15
2022-06-07,21.49,22.19
2022-06-08,21.75,22.45
2022-06-09,21.31,22.02
2022-06-10,21.78,22.49
2022-06-13,21.51,22.25
2022-06-14,21.61,22.35
2022-06-15,22.03,22.76
2022-06-16,21.92,22.67
2022-06-17,22.2,22.95
2022-06-20,22.56,23.33
2022-06-21,22.55,23.31
2022-06-22,22.12,22.89
2022-06-23,22.55,23.32
2022-06-24,22.9,23.68
2022-06-27,25.77,26.79
2022-06-28,26.06,27.08
2022-06-29,25.52,26.5
2022-06-30,25.95,26.94
2022-07-01,25.81,26.81
2022-07-04,26.14,27.2
2022-07-05,26.0,27.07
2022-07-06,25.69,26.73
2022-07-07,25.91,26.96
2022-07-08,25.76,26.82
2022-07-11,25.24,26.3
2022-07-12,24.88,25.92
2022-07-13,25.1,26.15
2022-07-14,25.29,26.34
2022-07-15,24.97,26.01
2022-07-18,25.1,26.14
2022-07-19,24.9,25.94
2022-07-20,24.96,25.98
2022-07-21,24.7,25.72
2022-07-22,24.66,25.66
2022-07-25,24.49,25.48
2022-07-26,24.7,25.69
2022-07-27,24.58,25.58
2022-07-28,24.62,25.63
2022-07-29,24.18,25.19
2022-08-01,24.52,25.54
2022-08-02,24.07,25.08
2022-08-03,23.75,24.73
2022-08-04,23.9,24.9
2022-08-05,24.21,25.25
2022-08-08,24.17,25.21
2022-08-09,24.23,25.24
2022-08-10,23.92,24.95
2022-08-11,24.46,25.51
2022-08-12,24.4,25.45
2022-08-15,24.41,25.45
2022-08-16,24.39,25.42
2022-08-17,24.79,25.79
2022-08-18,24.54,25.51
2022-08-19,24.29,25.26
2022-08-22,24.56,25.53
2022-08-23,24.41,25.38
2022-08-24,23.59,24.72
2022-08-25,23.4,24.78
2022-08-26,23.19,24.71
2022-08-29,23.2,24.57
2022-08-30,23.48,24.47
2022-08-31,23.35,24.35
2022-09-01,22.58,24.12
2022-09-02,22.46,24.0
2022-09-05,22.29,23.84
2022-09-06,22.44,23.99
2022-09-07,22.55,24.09
2022-09-08,22.36,23.9
2022-09-09,22.69,24.23
2022-09-13,22.82,24.4
2022-09-14,22.51,24.07
2022-09-15,22.16,23.69
2022-09-16,21.65,23.16
2022-09-19,21.6,23.12
2022-09-20,21.74,23.25
2022-09-21,21.5,22.98
2022-09-22,21.23,22.69
2022-09-23,21.12,22.57
2022-09-26,21.21,22.64
2022-09-27,21.62,23.08
2022-09-28,21.19,22.63
2022-09-29,21.23,22.66
2022-09-30,20.95,22.38
2022-10-10,20.37,21.8
2022-10-11,20.49,21.93
2022-10-12,20.92,22.38
2022-10-13,20.76,22.23
2022-10-14,21.39,22.87
2022-10-17,21.34,22.83
2022-10-18,21.37,22.87
2022-10-19,21.02,22.48
2022-10-20,20.85,22.32
2022-10-21,20.69,22.2
2022-10-24,19.89,21.57
2022-10-25,19.77,21.45
2022-10-26,20.16,21.76
2022-10-27,19.94,21.51
2022-10-28,18.96,20.86
2022-10-31,19.35,20.75
2022-11-01,20.07,21.53
2022-11-02,20.38,21.85
2022-11-03,20.21,21.66
2022-11-04,20.99,22.48
2022-11-07,21.02,22.52
2022-11-08,20.85,22.33
2022-11-09,20.57,22.04
2022-11-10,20.26,21.72
2022-11-11,20.89,22.37
2022-11-14,20.86,22.33
2022-11-15,21.3,22.8
2022-11-16,21.05,22.54
2022-11-17,20.92,22.41
2022-11-18,20.89,22.36
2022-11-21,20.74,22.2
2022-11-22,20.53,21.98
2022-11-23,20.5,21.94
2022-11-24,20.44,21.88
2022-11-25,20.41,21.85
2022-11-28,20.24,21.66
2022-11-29,20.82,22.28
2022-11-30,20.91,22.39
2022-12-01,21.34,22.83
2022-12-02,21.17,22.67
2022-12-05,21.47,22.99
2022-12-06,21.76,23.29
2022-12-07,21.81,23.34
2022-12-08,21.81,23.33
2022-12-09,22.11,23.64
2022-12-12,21.82,23.33
2022-12-13,21.72,23.25
2022-12-14,21.8,23.34
2022-12-15,21.86,23.39
2022-12-16,21.8,23.33
2022-12-19,21.54,23.04
2022-12-20,21.11,22.58
2022-12-21,21.1,22.58
2022-12-22,21.17,22.67
2022-12-23,21.12,22.61
2022-12-26,21.27,22.78
2022-12-27,21.56,23.09
2022-12-28,21.37,22.88
2022-12-29,21.33,22.84
2022-12-30,21.38,22.89
2023-01-03,21.42,22.93
2023-01-04,21.42,22.93
2023-01-05,22.04,23.58
2023-01-06,22.1,23.64
2023-01-09,22.25,23.81
2023-01-10,22.4,23.97
2023-01-11,22.3,23.85
2023-01-12,22.37,23.93
2023-01-13,22.74,24.33
2023-01-16,23.14,24.76
2023-01-17,23.05,24.74
2023-01-18,23.06,24.75
2023-01-19,23.23,24.92
2023-01-20,23.32,25.01
2023-01-30,23.59,25.31
2023-01-31,23.27,24.99
2023-02-01,23.85,25.8
2023-02-02,23.75,25.69
2023-02-03,23.53,25.46
2023-02-06,23.16,25.06
2023-02-07,23.18,25.08
2023-02-08,23.06,24.95
2023-02-09,23.43,25.35
2023-02-10,23.26,25.16
2023-02-13,23.54,25.48
2023-02-14,23.46,25.4
2023-02-15,23.35,25.28
2023-02-16,23.13,25.04
2023-02-17,22.72,24.6
2023-02-20,23.29,25.14
2023-02-21,23.24,25.09
2023-02-22,23.02,24.89
2023-02-23,23.02,24.88
2023-02-24,22.76,24.6
2023-02-27,22.65,24.44
2023-02-28,22.8,24.6
2023-03-01,23.09,24.91
2023-03-02,22.94,24.76
2023-03-03,22.97,24.72
2023-03-06,22.94,24.68
2023-03-07,22.51,24.22
2023-03-08,22.4,24.11
2023-03-09,22.35,23.66
2023-03-10,21.91,22.8
2023-03-13,21.86,22.85
2023-03-14,21.66,22.67
2023-03-15,21.6,22.62
2023-03-16,21.31,22.27
2023-03-17,21.25,22.31
2023-03-20,21.23,22.28
2023-03-21,21.67,22.99
2023-03-22,21.88,23.45
2023-03-23,22.02,23.53
2023-03-24,22.04,23.59
2023-03-27,22.0,23.55
2023-03-28,21.92,23.46
2023-03-29,21.82,22.8
2023-03-30,22.06,22.4
2023-03-31,21.98,22.28
2023-04-03,22.18,22.46
2023-04-04,22.22,23.07
2023-04-06,22.14,22.85
2023-04-07,22.35,23.01
2023-04-10,22.24,22.9
2023-04-11,22.2,22.71
2023-04-12,22.1,22.61
2023-04-13,21.91,22.46
2023-04-14,22.11,22.57
2023-04-17,22.21,22.9
2023-04-18,22.55,22.97
2023-04-19,22.35,22.77
2023-04-20,22.33,22.95
2023-04-21,21.68,22.61
2023-04-24,21.37,22.26
2023-04-25,20.99,21.83
2023-04-26,21.03,21.87
2023-04-27,21.0,22.03
2023-04-28,20.74,21.92
2023-05-04,20.48,21.67
2023-05-05,20.42,21.61
2023-05-08,20.47,21.66
2023-05-09,20.31,21.5
2023-05-10,20.38,21.57
2023-05-11,20.42,21.6
2023-05-12,20.18,21.34
2023-05-15,20.49,21.67
2023-05-16,20.36,21.54
2023-05-17,20.3,21.47
2023-05-18,20.18,21.34
2023-05-19,20.17,21.34
2023-05-22,20.37,21.55
2023-05-23,20.15,21.32
2023-05-24,19.94,21.1
2023-05-25,19.87,21.02
2023-05-26,19.78,20.93
2023-05-29,19.55,20.69
2023-05-30,19.62,20.76
2023-05-31,19.41,20.54
2023-06-01,19.51,20.65
2023-06-02,19.84,21.0
2023-06-05,19.69,20.85
2023-06-06,19.46,20.6
2023-06-07,19.27,20.39
2023-06-08,19.37,20.5
2023-06-09,19.45,20.59
2023-06-12,19.63,20.77
2023-06-13,19.8,20.96
2023-06-14,19.85,21.01
2023-06-15,20.34,21.51
2023-06-16,20.52,21.71
2023-06-19,20.37,21.54
2023-06-20,20.41,21.58
2023-06-21,20.06,21.21
2023-06-26,19.81,20.95
2023-06-27,19.97,21.12
2023-06-28,19.92,21.07
2023-06-29,19.81,20.96
2023-06-30,19.97,21.13
2023-07-03,20.16,21.33
2023-07-04,20.24,21.42
2023-07-05,20.02,21.19
2023-07-06,19.88,21.04
2023-07-07,19.74,20.89
2023-07-10,19.87,21.04
2023-07-11,20.01,21.19
2023-07-12,19.86,21.04
2023-07-13,20.19,21.39
2023-07-14,20.13,21.34
2023-07-17,19.99,21.2
2023-07-18,19.92,21.13
2023-07-19,19.86,21.06
2023-07-20,19.74,20.93
2023-07-21,19.75,20.94
2023-07-24,19.58,20.8
2023-07-25,20.21,21.46
2023-07-26,20.02,21.39
2023-07-27,19.99,21.36
2023-07-28,20.4,21.8
2023-07-31,20.57,21.98
2023-08-01,20.42,21.82
2023-08-02,20.33,21.73
2023-08-03,20.48,21.89
2023-08-04,20.6,22.01
2023-08-07,20.38,21.78
2023-08-08,20.3,21.69
2023-08-09,20.26,21.65
2023-08-10,20.26,21.67
2023-08-11,19.81,21.19
2023-08-14,19.62,20.93
2023-08-15,19.53,20.81
2023-08-16,19.38,20.65
2023-08-17,19.49,20.77
2023-08-18,19.2,20.45
2023-08-21,18.88,20.14
2023-08-22,18.95,20.21
2023-08-23,18.57,19.82
2023-08-24,18.77,20.07
2023-08-25,18.53,19.93
2023-08-28,18.75,20.14
2023-08-29,18.95,20.5
2023-08-30,18.99,20.53
2023-08-31,19.05,20.39
2023-09-01,19.18,20.52
2023-09-04,19.43,20.79
2023-09-05,19.27,20.63
2023-09-06,19.19,20.54
2023-09-07,18.85,20.17
2023-09-08,18.73,20.05
2023-09-11,18.88,20.21
2023-09-12,18.85,20.19
2023-09-13,18.68,20.0
2023-09-14,18.56,19.87
2023-09-15,18.42,19.73
2023-09-18,18.56,19.87
2023-09-19,18.44,19.75
2023-09-20,18.36,19.65
2023-09-21,18.15,19.43
2023-09-22,18.49,19.79
2023-09-25,18.4,19.7
2023-09-26,18.27,19.55
2023-09-27,18.32,19.61
2023-09-28,18.26,19.55
2023-10-09,18.3,19.59
2023-10-10,18.16,19.44
2023-10-11,18.23,19.52
2023-10-12,18.4,19.7
2023-10-13,18.16,19.44
2023-10-16,17.92,19.18
2023-10-17,17.96,19.22
2023-10-18,17.82,19.08
2023-10-19,17.46,18.69
2023-10-20,17.3,18.55
2023-10-23,17.12,18.38
2023-10-24,17.19,18.45
2023-10-25,17.24,18.54
2023-10-26,17.4,18.59
2023-10-27,17.79,19.0
2023-10-30,18.33,19.3
2023-10-31,18.1,19.17
2023-11-01,18.09,19.11
2023-11-02,17.94,18.95
2023-11-03,18.11,19.14
2023-11-06,18.52,19.56
2023-11-07,18.43,19.47
2023-11-08,18.41,19.45
2023-11-09,18.39,19.42
2023-11-10,18.26,19.29
2023-11-13,18.19,19.22
2023-11-14,18.2,19.23
2023-11-15,18.34,19.38
2023-11-16,18.12,19.15
2023-11-17,18.09,19.12
2023-11-20,18.13,19.15
2023-11-21,18.13,19.15
2023-11-22,17.89,18.89
2023-11-23,17.99,19.0
2023-11-24,17.85,18.86
2023-11-27,17.69,18.69
2023-11-28,17.78,18.78
2023-11-29,17.56,18.55
2023-11-30,17.56,18.56
2023-12-01,17.44,18.43
2023-12-04,17.3,18.28
2023-12-05,16.98,17.93
2023-12-06,17.09,18.05
2023-12-07,17.04,17.99
2023-12-08,17.07,18.04
2023-12-11,17.18,18.15
2023-12-12,17.17,18.14
2023-12-13,16.85,17.81
2023-12-14,16.74,17.69
2023-12-15,16.73,17.68
2023-12-18,16.57,17.51
2023-12-19,16.56,17.51
2023-12-20,16.36,17.3
2023-12-21,16.57,17.51
2023-12-22,16.57,17.51
2023-12-25,16.66,17.61
2023-12-26,16.52,17.46
2023-12-27,16.55,17.49
2023-12-28,17.08,18.06
2023-12-29,17.17,18.16
2024-01-02,16.98,17.92
2024-01-03,16.62,17.55
2024-01-04,16.39,17.3
2024-01-05,16.27,17.18
2024-01-08,16.03,16.93
2024-01-09,16.08,16.98
2024-01-10,16.01,16.9
2024-01-11,16.2,17.1
2024-01-12,16.11,17.0
2024-01-15,16.03,16.92
2024-01-16,16.14,17.03
2024-01-17,15.73,16.6
2024-01-18,15.96,16.84
2024-01-19,15.9,16.77
2024-01-22,15.53,16.39
2024-01-23,15.68,16.54
2024-01-24,15.84,16.71
2024-01-25,16.09,16.98
2024-01-26,15.94,16.81
2024-01-29,15.68,16.54
2024-01-30,15.31,16.18
2024-01-31,15.2,16.05
2024-02-01,15.27,16.13
2024-02-02,15.01,15.86
2024-02-05,15.14,15.99
2024-02-06,15.84,16.73
2024-02-07,15.99,16.89
2024-02-08,16.12,17.04
2024-02-19,16.26,17.18
2024-02-20,16.28,17.2
2024-02-21,16.52,17.45
2024-02-22,16.59,17.54
2024-02-23,16.59,17.53
2024-02-26,16.52,17.45
2024-02-27,16.8,17.76
2024-02-28,16.35,17.47
2024-02-29,16.72,17.91
2024-03-01,16.85,18.05
2024-03-04,16.81,17.99
2024-03-05,16.88,18.08
2024-03-06,16.81,18.0
2024-03-07,16.63,17.81
2024-03-08,16.71,17.9
2024-03-11,17.14,18.32
2024-03-12,17.33,18.51
2024-03-13,17.24,18.44
2024-03-14,17.17,18.37
2024-03-15,17.23,18.36
2024-03-18,17.48,18.22
2024-03-19,17.37,18.09
2024-03-20,17.38,18.07
2024-03-21,17.33,18.03
2024-03-22,17.13,17.82
2024-03-25,16.97,17.66
2024-03-26,17.12,17.83
2024-03-27,16.74,17.17
2024-03-28,17.1,17.56
2024-03-29,17.5,18.3
2024-04-01,18.01,19.03
2024-04-02,17.92,19.07
2024-04-03,17.79,18.91
2024-04-08,17.54,18.66
2024-04-09,17.59,18.7
2024-04-10,17.35,18.37
2024-04-11,17.34,18.35
2024-04-12,17.15,18.15
2024-04-15,17.54,18.52
2024-04-16,17.15,18.12
2024-04-17,17.44,18.41
2024-04-18,17.4,18.27
2024-04-19,17.22,18.05
2024-04-22,17.19,17.92
2024-04-23,17.11,17.77
2024-04-24,17.1,17.8
2024-04-25,17.15,17.86
2024-04-26,17.91,18.37
2024-04-29,18.06,18.42
2024-04-30,18.32,17.91
2024-05-06,18.73,18.31
2024-05-07,18.72,18.31
2024-05-08,18.47,18.06
2024-05-09,18.7,18.28
2024-05-10,18.61,18.19
2024-05-13,18.52,18.11
2024-05-14,18.5,18.09
2024-05-15,18.35,17.94
2024-05-16,18.43,18.02
2024-05-17,18.6,18.18
2024-05-20,18.62,18.2
2024-05-21,18.52,18.1
2024-05-22,18.55,18.14
2024-05-23,18.35,17.93
2024-05-24,18.1,17.69
2024-05-27,18.21,17.8
2024-05-28,18.01,17.6
2024-05-29,18.07,17.66
2024-05-30,18.02,17.62
2024-05-31,17.96,17.55
2024-06-03,18.05,17.65
2024-06-04,18.23,17.82
2024-06-05,18.16,17.74
2024-06-06,18.11,17.7
2024-06-07,17.92,17.51
2024-06-11,17.87,17.46
2024-06-12,17.87,17.46
2024-06-13,17.81,17.4
2024-06-14,17.87,17.45
2024-06-17,17.93,17.52
2024-06-18,17.97,17.55
2024-06-19,17.8,17.39
2024-06-20,17.58,17.17
2024-06-21,17.54,17.13
2024-06-24,17.41,17.0
2024-06-25,17.33,16.93
2024-06-26,17.48,17.08
2024-06-27,17.28,16.88
2024-06-28,17.22,16.81
2024-07-01,17.23,16.83
2024-07-02,17.1,16.7
2024-07-03,17.04,16.65
2024-07-04,17.01,16.65
2024-07-05,16.97,16.61
2024-07-08,16.77,16.41
2024-07-09,17.01,16.64
2024-07-10,16.97,16.6
2024-07-11,17.26,16.89
2024-07-12,17.29,16.92
2024-07-15,17.21,16.84
2024-07-16,17.34,16.97
2024-07-17,17.37,17.0
2024-07-18,17.51,17.13
2024-07-19,17.59,17.21
2024-07-22,17.5,17.12
2024-07-23,16.99,16.62
2024-07-24,16.79,16.43
2024-07-25,16.8,16.43
2024-07-26,16.98,16.61
2024-07-29,16.75,16.4
2024-07-30,16.57,16.25
2024-07-31,17.02,16.69
2024-08-01,16.82,16.49
2024-08-02,16.61,16.28
2024-08-05,16.38,16.06
2024-08-06,16.44,16.12
2024-08-07,16.44,16.12
2024-08-08,16.45,16.13
2024-08-09,16.37,16.05
2024-08-12,16.32,16.01
2024-08-13,16.36,16.04
2024-08-14,16.19,15.86
2024-08-15,16.3,15.98
2024-08-16,16.31,15.99
2024-08-19,16.33,16.01
2024-08-20,16.16,15.87
2024-08-21,16.13,15.85
2024-08-22,16.08,15.78
2024-08-23,16.08,15.83
2024-08-26,15.97,15.81
2024-08-27,15.81,15.69
2024-08-28,15.7,15.57
2024-08-29,15.75,15.64
2024-08-30,16.17,16.07
2024-09-02,15.94,15.72
2024-09-03,16.1,15.88
2024-09-04,16.03,15.82
2024-09-05,16.05,15.85
2024-09-06,15.83,15.62
2024-09-09,15.68,15.47
2024-09-10,15.68,15.47
2024-09-11,15.73,15.52
2024-09-12,15.62,15.42
2024-09-13,15.52,15.31
2024-09-18,15.64,15.42
2024-09-19,15.78,15.57
2024-09-20,15.79,15.58
2024-09-23,15.82,15.61
2024-09-24,16.48,16.26
2024-09-25,16.72,16.51
2024-09-26,17.45,17.24
2024-09-27,18.63,18.41
2024-09-30,20.54,20.29
2024-10-08,22.37,22.09
2024-10-09,20.43,20.17
2024-10-10,20.42,20.16
2024-10-11,19.65,19.4
2024-10-14,20.06,19.8
2024-10-15,19.48,19.23
2024-10-16,19.17,18.94
2024-10-17,18.99,18.75
2024-10-18,19.88,19.62
2024-10-21,19.89,19.73
2024-10-22,20.07,19.91
2024-10-23,20.1,19.98
2024-10-24,19.76,19.7
2024-10-25,20.06,20.01
2024-10-28,20.18,20.04
2024-10-29,19.93,19.76
2024-10-30,19.9,19.59
2024-10-31,19.6,19.58
2024-11-01,19.48,19.44
2024-11-04,19.92,19.87
2024-11-05,20.5,20.44
2024-11-06,20.3,20.26
2024-11-07,20.95,20.9
2024-11-08,20.72,20.66
2024-11-11,21.05,21.01
2024-11-12,20.98,20.94
2024-11-13,21.1,21.07
2024-11-14,20.61,20.58
2024-11-15,20.11,20.07
2024-11-18,19.85,19.81
2024-11-19,20.09,20.07
2024-11-20,20.14,20.12
2024-11-21,20.13,20.1
2024-11-22,19.46,19.44
2024-11-25,19.43,19.41
2024-11-26,19.33,19.3
2024-11-27,19.73,19.71
2024-11-28,19.44,19.42
2024-11-29,19.74,19.73
2024-12-02,19.98,19.96
2024-12-03,19.89,19.87
2024-12-04,19.72,19.69
2024-12-05,19.68,19.65
2024-12-06,20.01,19.98
2024-12-09,19.97,19.92
2024-12-10,20.15,20.1
2024-12-11,20.12,20.07
2024-12-12,20.35,20.29
2024-12-13,19.83,19.77
2024-12-16,19.61,19.55
2024-12-17,19.73,19.66
2024-12-18,19.8,19.72
2024-12-19,19.89,19.79
2024-12-20,19.78,19.69
2024-12-23,19.72,19.62
2024-12-24,20.01,19.9
2024-12-25,19.94,19.83
2024-12-26,19.97,19.85
2024-12-27,19.92,19.81
2024-12-30,19.98,19.86
2024-12-31,19.65,19.52
2025-01-02,19.0,19.22
2025-01-03,18.75,18.97
2025-01-06,18.7,18.92
2025-01-07,18.83,19.07
2025-01-08,18.73,18.96
2025-01-09,18.77,18.99
2025-01-10,18.48,18.69
2025-01-13,18.44,18.66
2025-01-14,19.1,19.31
2025-01-15,18.89,19.11
2025-01-16,18.93,19.15
2025-01-17,19.04,19.26
2025-01-20,19.25,19.47
2025-01-21,19.32,19.54
2025-01-22,19.14,19.36
2025-01-23,19.08,19.31
2025-01-24,19.24,19.47
2025-01-27,19.03,19.26
2025-02-05,18.96,19.19
2025-02-06,19.38,19.62
2025-02-07,19.73,19.99
2025-02-10,19.75,20.0
2025-02-11,19.63,19.87
2025-02-12,19.88,20.15
2025-02-13,19.75,20.02
2025-02-14,20.01,20.27
2025-02-17,20.07,20.33
2025-02-18,19.89,20.15
2025-02-19,20.08,20.34
2025-02-20,20.08,20.34
2025-02-21,20.41,20.68
2025-02-24,20.41,20.63
2025-02-25,20.15,20.37
2025-02-26,20.24,20.51
2025-02-27,20.27,20.54
2025-02-28,19.75,20.03
2025-03-03,19.81,20.08
2025-03-04,19.73,19.99
2025-03-05,19.78,20.03
2025-03-06,20.1,20.36
2025-03-07,19.99,20.24
2025-03-10,19.89,20.15
2025-03-11,19.91,20.17
2025-03-12,19.93,20.18
2025-03-13,19.8,20.02
2025-03-14,20.35,20.57
2025-03-17,20.21,20.27
2025-03-18,20.33,20.44
2025-03-19,20.38,20.48
2025-03-20,19.95,20.07
2025-03-21,19.57,19.69
2025-03-24,19.65,19.77
2025-03-25,19.45,19.41
2025-03-26,19.42,19.37
2025-03-27,19.54,19.54
2025-03-28,19.45,19.4
2025-03-31,19.3,19.22
2025-04-01,19.24,19.38
2025-04-02,19.21,19.34
2025-04-03,19.07,19.1
2025-04-07,17.44,17.48
2025-04-08,17.67,17.71
2025-04-09,17.71,17.79
2025-04-10,18.11,18.14
2025-04-11,18.19,18.38
2025-04-14,18.26,18.45
2025-04-15,18.11,18.38
2025-04-16,17.98,18.26
2025-04-17,17.95,18.24
2025-04-18,17.95,18.23
2025-04-21,18.18,18.36
2025-04-22,18.23,18.4
2025-04-23,18.32,18.52
2025-04-24,18.12,18.36
2025-04-25,18.0,18.58
2025-04-28,17.57,18.22
2025-04-29,17.61,18.26
2025-04-30,17.41,18.3
2025-05-06,17.63,18.53
2025-05-07,17.68,18.59
2025-05-08,17.84,18.75
2025-05-09,17.78,18.69
2025-05-12,18.07,18.99
2025-05-13,18.06,18.98
2025-05-14,18.24,19.17
2025-05-15,18.02,18.94
2025-05-16,18.01,18.92
2025-05-19,17.96,18.88
2025-05-20,18.18,19.11
2025-05-21,18.31,19.24
2025-05-22,18.21,19.14
2025-05-23,18.12,19.04
2025-05-26,17.89,18.8
2025-05-27,17.75,18.66
2025-05-28,17.72,18.62
2025-05-29,17.86,18.77
2025-05-30,17.71,18.62
2025-06-03,17.75,18.65
2025-06-04,17.86,18.77
2025-06-05,17.93,18.85
2025-06-06,17.88,18.79
2025-06-09,17.91,18.82
2025-06-10,17.79,18.7
2025-06-11,19.29,20.27
2025-06-12,19.18,20.16
2025-06-13,18.97,19.94
2025-06-16,18.96,19.93
2025-06-17,18.95,19.92
2025-06-18,19.01,19.97
2025-06-19,18.79,19.75
2025-06-20,18.78,19.74
2025-06-23,18.76,19.71
2025-06-24,19.04,20.01
2025-06-25,19.37,20.36
2025-06-26,19.18,20.16
2025-06-27,19.15,20.13
2025-06-30,19.21,20.2
2025-07-01,19.6,20.6
2025-07-02,19.52,20.52
2025-07-03,19.79,20.81
2025-07-04,19.79,20.81
2025-07-07,19.63,20.64
2025-07-08,19.84,20.85
2025-07-09,19.86,20.88
2025-07-10,19.93,20.96
2025-07-11,20.04,21.07
2025-07-14,19.97,21.0
2025-07-15,20.08,21.12
2025-07-16,20.03,21.06
2025-07-17,20.27,21.32
2025-07-18,20.39,21.45
2025-07-21,20.57,21.64
2025-07-22,20.8,21.88
2025-07-23,20.75,21.82
2025-07-24,20.93,22.01
2025-07-25,20.78,21.88
2025-07-28,20.85,21.95
2025-07-29,19.75,20.8
2025-07-30,19.6,20.64
2025-07-31,19.03,20.16
2025-08-01,18.99,20.12
2025-08-04,19.0,20.14
2025-08-05,19.11,20.27
2025-08-06,19.17,20.32
2025-08-07,19.14,20.29
2025-08-08,19.08,20.24
2025-08-11,19.31,20.47
2025-08-12,19.41,20.59
2025-08-13,19.69,20.92
2025-08-14,19.6,20.83
2025-08-15,19.82,21.06
2025-08-18,20.11,21.38
2025-08-19,20.06,21.37
2025-08-20,20.28,21.61
2025-08-21,20.27,21.69
2025-08-22,20.69,22.19
2025-08-25,21.18,22.64
2025-08-26,21.13,22.71
2025-08-27,20.81,22.39
2025-08-28,21.28,22.79
2025-08-29,21.62,23.12
2025-09-01,21.69,23.26
2025-09-02,21.31,22.86
2025-09-03,21.16,22.69
2025-09-04,20.59,22.08
2025-09-05,21.3,22.84
2025-09-08,21.38,22.92
2025-09-09,21.11,22.63
2025-09-10,21.16,22.68
2025-09-11,21.81,23.38
2025-09-12,21.63,23.18
2025-09-15,21.86,23.44
2025-09-16,21.86,23.44
2025-09-17,22.14,23.74
2025-09-18,21.92,23.5
2025-09-19,21.95,23.52
2025-09-22,22.06,23.65
2025-09-23,22.05,23.63
2025-09-24,22.36,23.97
2025-09-25,22.55,24.17
2025-09-26,22.24,23.83
2025-09-29,22.68,24.31
2025-09-30,22.72,24.34
2025-10-09,23.02,24.67
2025-10-10,22.42,24.03
2025-10-13,22.12,23.7
2025-10-14,21.68,23.23
2025-10-15,22.04,23.62
2025-10-16,22.08,23.66
2025-10-17,21.47,23.0
2025-10-20,21.62,23.19
2025-10-21,21.86,23.64
2025-10-22,21.86,23.53
2025-10-23,21.88,23.56
2025-10-24,22.26,23.98
2025-10-27,22.48,24.27
2025-10-28,22.43,24.22
2025-10-29,22.75,24.61
2025-10-30,22.3,24.3
2025-10-31,22.18,23.93
2025-11-03,22.18,23.92
2025-11-04,21.85,23.57
2025-11-05,21.92,23.64
2025-11-06,22.28,24.03
2025-11-07,22.16,23.9
2025-11-10,22.23,23.98
2025-11-11,21.99,23.72
2025-11-12,21.95,23.67
2025-11-13,22.27,24.02
2025-11-14,21.84,23.56
2025-11-17,21.66,23.37
2025-11-18,21.53,23.22
2025-11-19,21.55,23.25
2025-11-20,21.36,23.05
2025-11-21,20.84,22.48
2025-11-24,20.89,22.54
2025-11-25,21.12,22.78
2025-11-26,21.38,23.06
2025-11-27,21.3,22.98
2025-11-28,21.41,23.09
2025-12-01,21.68,23.39
2025-12-02,21.59,23.29
2025-12-03,21.43,23.12
2025-12-04,21.55,23.24
2025-12-05,21.73,23.44
2025-12-08,21.95,23.67
2025-12-09,21.85,23.57
2025-12-10,21.87,23.58
2025-12-11,21.62,23.31
2025-12-12,21.76,23.47
2025-12-15,21.55,23.24
2025-12-16,21.29,22.97
2025-12-17,21.74,23.45
2025-12-18,21.42,23.1
2025-12-19,21.52,23.21
2025-12-22,21.76,23.47
2025-12-23,21.77,23.47
2025-12-24,21.83,23.55
2025-12-25,21.88,23.6
2025-12-26,21.95,23.67
2025-12-29,21.85,23.57
2025-12-30,21.95,23.68
2025-12-31,21.76,23.47
2026-01-05,22.14,23.88
2026-01-06,22.4,24.16
2026-01-07,22.32,24.08
2026-01-08,22.13,23.87
2026-01-09,22.27,24.03
2026-01-12,22.49,24.26
2026-01-13,22.21,23.97
2026-01-14,22.23,23.99
2026-01-15,22.32,24.07
2026-01-16,22.3,24.07
2026-01-19,22.31,24.08
2026-01-20,22.14,23.89
2026-01-21,22.11,23.91
2026-01-22,22.17,23.97
2026-01-23,22.12,23.92
2026-01-26,22.42,24.56
2026-01-27,22.37,24.51
2026-01-28,22.31,24.47
2026-01-29,22.37,24.53
2026-01-30,22.34,24.48
2026-02-02,21.99,24.09
2026-02-03,22.25,24.38
2026-02-04,22.41,24.55
2026-02-05,22.27,24.39
2026-02-06,22.16,24.28
2026-02-09,22.52,24.69
2026-02-10,22.54,24.69
2026-02-11,22.41,24.55
2026-02-12,22.48,24.63
2026-02-13,22.24,24.37
2026-02-24,22.54,24.69
2026-02-25,22.79,24.87
2026-02-26,22.79,24.86
2026-02-27,22.62,24.66
2026-03-02,22.61,24.72
2026-03-03,22.2,24.26
2026-03-04,21.97,24.02
2026-03-05,22.23,24.3
2026-03-06,22.37,24.41
2026-03-09,22.2,24.32
2026-03-10,22.35,23.96
2026-03-11,22.63,24.26
2026-03-12,22.53,24.14
2026-03-13,22.46,23.94
2026-03-16,22.61,24.07
2026-03-17,22.43,23.81
2026-03-18,22.59,23.98
2026-03-19,22.3,23.66
2026-03-20,22.41,23.69
2026-03-23,21.76,23.05
2026-03-24,21.97,23.24
2026-03-25,22.33,23.58
2026-03-26,22.02,23.31
2026-03-27,22.25,23.56
2026-03-30,22.59,23.67
2026-03-31,22.39,22.9
2026-04-01,22.79,23.14
2026-04-02,22.52,22.87
2026-04-03,22.3,22.69
2026-04-07,22.27,22.66
2026-04-08,23.15,23.54
2026-04-09,23.04,23.43
2026-04-10,23.65,23.92
2026-04-13,23.93,24.22
2026-04-14,24.16,24.54
2026-04-15,23.94,24.23
2026-04-16,24.18,24.64
2026-04-17,24.05,24.66
2026-04-20,24.17,24.48
2026-04-21,24.25,24.55
2026-04-22,24.82,25.09
2026-04-23,24.7,25.0
2026-04-24,24.37,24.57
2026-04-27,24.41,24.59
2026-04-28,24.12,24.59
2026-04-29,25.04,25.3
2026-04-30,24.86,25.24
2026-05-06,25.82,26.51
